  ars  |                gen                |                                    st_extent                                     
-------+-----------------------------------+----------------------------------------------------------------------------------
 07131 | Ahrweiler                         | BOX(6.743243953085849 50.30663255206226,7.344388160145117 50.64966040915279)
 09771 | Aichach-Friedberg                 | BOX(10.864234115240846 48.19164118496262,11.311674872234887 48.62017130331295)
 08425 | Alb-Donau-Kreis                   | BOX(9.489158048555757 48.14229000972508,10.24140630149497 48.631755381416895)
 16077 | Altenburger Land                  | BOX(12.20778879255576 50.80961546695134,12.654115089481433 51.103782504191784)
 07132 | Altenkirchen (Westerwald)         | BOX(7.439151348459854 50.563870069353015,8.043045796428862 50.94233509201525)
 15081 | Altmarkkreis Salzwedel            | BOX(10.755233135155148 52.386779200636525,11.63752384134045 52.941633920817765)
 09171 | Altötting                         | BOX(12.542545768149443 48.04442785643152,12.944684449510316 48.35842660913666)
 07331 | Alzey-Worms                       | BOX(7.904614506676221 49.58807146193053,8.479850016683702 49.90000704549565)
 09361 | Amberg                            | BOX(11.776674185150593 49.41182622089648,11.914553735456899 49.497060744352)
 09371 | Amberg-Sulzbach                   | BOX(11.51085419081072 49.214405215161285,12.119641854792393 49.76092706156717)
 03451 | Ammerland                         | BOX(7.697543111571964 53.05962406307669,8.314619896831088 53.354041211013154)
 15082 | Anhalt-Bitterfeld                 | BOX(11.838237895471883 51.5313204775521,12.580262793436662 52.10409324537378)
 09561 | Ansbach                           | BOX(10.45427871118348 49.23369283382182,10.656759178801767 49.34368268414225)
 09571 | Ansbach                           | BOX(10.094741443537439 48.97676273417192,10.913401953374933 49.492033368010816)
 09661 | Aschaffenburg                     | BOX(9.080084030185809 49.92061434778322,9.237795403532074 50.02130479351958)
 09671 | Aschaffenburg                     | BOX(8.975925858826603 49.83247117639462,9.486262839888612 50.14941731376112)
 09761 | Augsburg                          | BOX(10.764189862002796 48.25823226373145,10.959205528005914 48.458653644586676)
 09772 | Augsburg                          | BOX(10.494823933306145 48.089213614569715,10.987043885090081 48.63858127635102)
 03452 | Aurich                            | BOX(6.853511585948676 53.332281089046525,7.815484533976438 53.73613734007236)
 07332 | Bad Dürkheim                      | BOX(7.824573846674459 49.308977450718,8.31741445961996 49.62885316766513)
 08211 | Baden-Baden                       | BOX(8.10881198120299 48.66674708182646,8.320981846332952 48.84758676274449)
 09672 | Bad Kissingen                     | BOX(9.623150780902684 50.02968428598223,10.370133891977234 50.42586748020374)
 07133 | Bad Kreuznach                     | BOX(7.387391459149673 49.6359475974655,7.968769617960142 50.00102287406121)
 09173 | Bad Tölz-Wolfratshausen           | BOX(11.262696008934702 47.495287961670385,11.68005681442347 47.980224713520315)
 09461 | Bamberg                           | BOX(10.826423824809023 49.84246815943902,10.959998261648405 49.92702302220185)
 09471 | Bamberg                           | BOX(10.439911482052166 49.72112327170895,11.25257222819622 50.09534859943628)
 12060 | Barnim                            | BOX(13.39640648172292 52.544235577101205,14.156634941932705 53.05853743846751)
 14625 | Bautzen                           | BOX(13.760741442992138 51.018767188538725,14.699120427901736 51.54461378593188)
 09462 | Bayreuth                          | BOX(11.474773061572392 49.88825589291463,11.672539411206811 49.976951887787415)
 09472 | Bayreuth                          | BOX(11.184316020883076 49.61387536785016,11.903900669697169 50.13359867319018)
 09172 | Berchtesgadener Land              | BOX(12.69590828496321 47.46337444871948,13.098660589256637 47.96260898417945)
 06431 | Bergstraße                        | BOX(8.356105210589439 49.3953967199449,8.95034871980144 49.75462154517621)
 11000 | Berlin                            | BOX(13.088333218007719 52.33824183586158,13.760469284119786 52.67537881653721)
 07231 | Bernkastel-Wittlich               | BOX(6.681223782423446 49.67299232257307,7.263789290482117 50.131504969115916)
 08426 | Biberach                          | BOX(9.260296230736326 47.94574607180425,10.14395494942783 48.294035068119456)
 05711 | Bielefeld                         | BOX(8.377677369557977 51.91496977815004,8.66354215372082 52.11483330796834)
 07134 | Birkenfeld                        | BOX(7.027980123328444 49.54862364098513,7.526303845176326 49.90052374889249)
 08115 | Böblingen                         | BOX(8.746464928350516 48.49901034637815,9.174158021499512 48.86767640330348)
 05911 | Bochum                            | BOX(7.104200575316293 51.41083548347282,7.349752794813821 51.53226248443613)
 08435 | Bodenseekreis                     | BOX(9.065629733994808 47.581150336932005,9.744343821177646 47.8822471948034)
 05314 | Bonn                              | BOX(7.023486323873604 50.63186602983317,7.210871863698141 50.7744354664667)
 15083 | Börde                             | BOX(10.933745728235776 51.89290268837848,11.85714812522505 52.508177862520085)
 05554 | Borken                            | BOX(6.386696630384137 51.72886686344399,7.274524929822425 52.24305874259253)
 05512 | Bottrop                           | BOX(6.833152187406003 51.49686791271097,6.999280618635503 51.64459475658419)
 12051 | Brandenburg an der Havel          | BOX(12.361180088244442 52.31151191837728,12.725904721820653 52.54176234719347)
 03101 | Braunschweig                      | BOX(10.412413689117331 52.186734938594434,10.642989264958747 52.35750783388859)
 08315 | Breisgau-Hochschwarzwald          | BOX(7.529674688676836 47.74357416562296,8.439733743785123 48.11676771464028)
 04011 | Bremen                            | BOX(8.481735118728656 53.01102137832362,8.990913201564036 53.59732659218202)
 04012 | Bremerhaven                       | BOX(8.483202468858456 53.47117823669222,8.66088427406797 53.61010320670145)
 15084 | Burgenlandkreis                   | BOX(11.364832642693921 50.938032076429494,12.293914549761594 51.32038212103113)
 08235 | Calw                              | BOX(8.37936700584564 48.483874377404995,8.878631015256529 48.838330694314514)
 03351 | Celle                             | BOX(9.725826828704752 52.488307734308506,10.444409846418695 52.93703355864374)
 09372 | Cham                              | BOX(12.304266980014528 49.02855702733331,13.170908084856555 49.490624414781436)
 14511 | Chemnitz                          | BOX(12.727053539458229 50.74115586709449,13.054177301196288 50.90383095568556)
 03453 | Cloppenburg                       | BOX(7.611879955361132 52.677436389137306,8.258848573744224 53.18535986569767)
 09463 | Coburg                            | BOX(10.887390206612773 50.22169401657881,11.063870677333114 50.298637769344104)
 09473 | Coburg                            | BOX(10.712455140893473 50.08796277344483,11.201779508339476 50.396794481560626)
 07135 | Cochem-Zell                       | BOX(6.95262446116667 49.959358049568756,7.383558572942453 50.281345236272706)
 05558 | Coesfeld                          | BOX(7.053327115525507 51.66458100961886,7.735802874341711 52.06178101714847)
 12052 | Cottbus                           | BOX(14.273306525769826 51.69247973664761,14.501343166750562 51.86416174658671)
 03352 | Cuxhaven                          | BOX(8.482790262102275 53.28120400159071,9.298580249960786 53.89231951015175)
 09174 | Dachau                            | BOX(11.11030815564861 48.201636770586305,11.582059013058265 48.455535313026104)
 12061 | Dahme-Spreewald                   | BOX(13.41095370430888 51.7270387511543,14.453413701195993 52.42062443642298)
 06411 | Darmstadt                         | BOX(8.561826645850209 49.795836408705185,8.749672826573951 49.95420812943444)
 06432 | Darmstadt-Dieburg                 | BOX(8.519753593504971 49.7221755965585,9.050452507068698 50.00181433385901)
 09271 | Deggendorf                        | BOX(12.749635787530135 48.59890400770499,13.259291975337575 48.957035984015555)
 03401 | Delmenhorst                       | BOX(8.578331076650075 52.98643350611028,8.711423918535598 53.1091808189724)
 15001 | Dessau-Roßlau                     | BOX(12.112072376790772 51.73381396322849,12.351498418290104 51.97073747756139)
 03251 | Diepholz                          | BOX(8.293795224086843 52.44363887841091,9.116174615777272 53.053406972050006)
 09773 | Dillingen a.d. Donau              | BOX(10.254379812482055 48.47110153008486,10.785733245976568 48.7575970873589)
 09279 | Dingolfing-Landau                 | BOX(12.324201086055627 48.480463083035524,12.967381037018754 48.799430467858045)
 01051 | Dithmarschen                      | BOX(8.678873181252126 53.87750823641103,9.444421476116247 54.378994258258416)
 09779 | Donau-Ries                        | BOX(10.401479997047911 48.58408214765863,11.041621690612589 49.035983179234)
 07333 | Donnersbergkreis                  | BOX(7.696266451564306 49.48931667016032,8.161156895810906 49.765790429423014)
 05913 | Dortmund                          | BOX(7.302310587279778 51.41557979268305,7.637932719277781 51.59952017917113)
 14612 | Dresden                           | BOX(13.579721093821489 50.97518428025996,13.965849226642419 51.17770380659125)
 05112 | Duisburg                          | BOX(6.625616443645653 51.33319859065919,6.830459998176222 51.560220016593355)
 05358 | Düren                             | BOX(6.193547473252027 50.598222103986814,6.718075151273229 51.04661063270783)
 05111 | Düsseldorf                        | BOX(6.689822638810091 51.12439372034153,6.939965353893811 51.35144623125037)
 09175 | Ebersberg                         | BOX(11.747778076053322 47.9312316425222,12.100284852226878 48.22685574109652)
 16061 | Eichsfeld                         | BOX(9.923293275182294 51.19064915736978,10.539746432886377 51.59253297883416)
 09176 | Eichstätt                         | BOX(10.936839309284853 48.732764169156255,11.744115296556156 49.08770130853198)
 07232 | Eifelkreis Bitburg-Prüm           | BOX(6.11235482577163 49.810445302754125,6.728175807695151 50.32454474756911)
 12062 | Elbe-Elster                       | BOX(13.051025246894053 51.3676152746209,13.89025862381071 51.88614284646321)
 03402 | Emden                             | BOX(6.999446639690555 53.320208977832486,7.31139871283601 53.408699420187894)
 08316 | Emmendingen                       | BOX(7.576981639838574 48.00815761859506,8.18758207459256 48.26049874375705)
 03454 | Emsland                           | BOX(6.995277602359717 52.28027224375055,7.832056270721912 53.11753942740848)
 05954 | Ennepe-Ruhr-Kreis                 | BOX(7.108443196451803 51.2132484748889,7.51854297552661 51.48386477940818)
 08236 | Enzkreis                          | BOX(8.467530585487959 48.77430464637372,8.948180293712712 49.06218623490711)
 09177 | Erding                            | BOX(11.731387362826219 48.14036565814814,12.255056956443259 48.454814370117816)
 16051 | Erfurt                            | BOX(10.85534689007107 50.89023260477492,11.175108478054716 51.079952039188086)
 09562 | Erlangen                          | BOX(10.916253801930942 49.53313095032406,11.05339819939121 49.64566367019777)
 09572 | Erlangen-Höchstadt                | BOX(10.591827069889117 49.471349268133025,11.288644362422984 49.78820025979116)
 14521 | Erzgebirgskreis                   | BOX(12.457726047284979 50.39731746205869,13.501846178720186 50.806566631166746)
 05113 | Essen                             | BOX(6.894508077474602 51.347412790345544,7.13684178727265 51.534127056671)
 08116 | Esslingen                         | BOX(9.084926226455163 48.512303332819194,9.596440860495331 48.788203981026605)
 05366 | Euskirchen                        | BOX(6.315555834420018 50.323011952583144,6.934746954787057 50.789666120220545)
 01001 | Flensburg                         | BOX(9.357220591547652 54.75187298885215,9.50671528322748 54.837075243318516)
 09474 | Forchheim                         | BOX(10.912807671116706 49.58732500040018,11.388560382227379 49.87456022952411)
 07311 | Frankenthal (Pfalz)               | BOX(8.30827035416063 49.485278388004566,8.423067801384251 49.58275939746853)
 06412 | Frankfurt am Main                 | BOX(8.472632962471035 50.015574487011214,8.800534534329817 50.226257300451536)
 12053 | Frankfurt (Oder)                  | BOX(14.394834417176918 52.2527720088313,14.601355190087288 52.398233350934476)
 08311 | Freiburg im Breisgau              | BOX(7.662455039912187 47.90350029187308,7.93031416563784 48.07111195661782)
 09178 | Freising                          | BOX(11.492512612844527 48.265886425415786,12.019335295802374 48.61664640101884)
 08237 | Freudenstadt                      | BOX(8.206727119910864 48.30111640512202,8.828929358865244 48.6394575674307)
 09272 | Freyung-Grafenau                  | BOX(13.167879166440942 48.681959059519066,13.839584445443249 48.983370093967814)
 03455 | Friesland                         | BOX(7.809301497043013 53.30469752499285,8.207268460547406 53.79477067851127)
 06631 | Fulda                             | BOX(9.427292202702997 50.35614961568425,10.082964841544552 50.80963269487389)
 09179 | Fürstenfeldbruck                  | BOX(10.992872261923958 48.08780151918272,11.41245077655534 48.29668394477921)
 09563 | Fürth                             | BOX(10.89316348468623 49.4365402011888,11.028631805790132 49.54109697366982)
 09573 | Fürth                             | BOX(10.680367997423794 49.35462293732719,11.026210150584529 49.54904382205503)
 09180 | Garmisch-Partenkirchen            | BOX(10.869482365362227 47.39338623480515,11.421453926649342 47.73703002752823)
 05513 | Gelsenkirchen                     | BOX(6.987485679411425 51.4808380908705,7.145056865822037 51.63150936064454)
 16052 | Gera                              | BOX(11.997975122534724 50.79910894565205,12.169534513212453 50.97653048644481)
 07334 | Germersheim                       | BOX(8.055029172457644 48.966571445706286,8.413072413102217 49.29774303492981)
 06531 | Gießen                            | BOX(8.519074172886704 50.41501875406999,9.134140727408868 50.70930883024736)
 03151 | Gifhorn                           | BOX(10.259564412317664 52.32041535509346,11.008781743798338 52.83422199826048)
 08117 | Göppingen                         | BOX(9.4840071277576 48.51729113568955,9.994522944098607 48.78135891452188)
 14626 | Görlitz                           | BOX(14.440103001768502 50.81934870579059,15.041815656468223 51.59730833345156)
 03153 | Goslar                            | BOX(10.065526200862944 51.63791097827339,10.701371992415618 52.05622939690297)
 16067 | Gotha                             | BOX(10.400862329918077 50.71546471067069,10.964631004988266 51.111790855418356)
 03159 | Göttingen                         | BOX(9.5484411274475 51.29523189926012,10.682480919163371 51.833176552594956)
 03456 | Grafschaft Bentheim               | BOX(6.68086831046052 52.2411410940412,7.317481058570257 52.653116656247036)
 16076 | Greiz                             | BOX(11.85814337151564 50.549354070891525,12.32204841178818 50.97586604439119)
 06433 | Groß-Gerau                        | BOX(8.288245049957816 49.71708926836482,8.630228569824968 50.083659526764265)
 09774 | Günzburg                          | BOX(10.133895409081187 48.16009052285863,10.599538545295738 48.527743774873294)
 05754 | Gütersloh                         | BOX(8.075477753161504 51.71747610223358,8.74838714189622 52.1351717966584)
 05914 | Hagen                             | BOX(7.376307999576078 51.26486924655583,7.599215400756532 51.41798373847592)
 15002 | Halle (Saale)                     | BOX(11.857053039317607 51.402870181259274,12.088502845792028 51.54368062006708)
 02000 | Hamburg                           | BOX(8.419906902141577 53.39507025766996,10.325959157503771 53.964403261466764)
 03252 | Hameln-Pyrmont                    | BOX(9.154688559698595 51.91944145797367,9.684603726687541 52.2743199105639)
 05915 | Hamm                              | BOX(7.675536280292726 51.57805231922082,7.997528913639971 51.7447664751575)
 03353 | Harburg                           | BOX(9.561186109552084 53.129005463453936,10.471014756308758 53.50527891034964)
 15085 | Harz                              | BOX(10.561226987731537 51.565974905821946,11.408870958449077 52.059713612091485)
 09674 | Haßberge                          | BOX(10.320344673127487 49.85524819940306,10.87929543669478 50.236513648166124)
 12063 | Havelland                         | BOX(12.141811422915714 52.43895118474507,13.166457606193436 52.81052846474133)
 03358 | Heidekreis                        | BOX(9.317166621002833 52.59948623592688,10.236851222651921 53.219482036544235)
 08221 | Heidelberg                        | BOX(8.57312513957944 49.352159661223496,8.79412886129343 49.45958767769741)
 08135 | Heidenheim                        | BOX(9.920062671622565 48.50009960989515,10.495748779340063 48.787170522401915)
 08121 | Heilbronn                         | BOX(9.044506190318447 49.09298723904262,9.300539777885312 49.210537459804044)
 08125 | Heilbronn                         | BOX(8.816060714136926 49.020347998791365,9.527490531620062 49.38790454620533)
 05370 | Heinsberg                         | BOX(5.866250350714273 50.89821363158934,6.477169230416989 51.18991990115717)
 03154 | Helmstedt                         | BOX(10.600863913916026 52.04774864985524,11.086244118790397 52.47179492736119)
 05758 | Herford                           | BOX(8.403805013906107 52.05885126779607,8.927116076331515 52.26761383144046)
 05916 | Herne                             | BOX(7.123446756520397 51.503117112254465,7.296311149701394 51.573406390933634)
 06632 | Hersfeld-Rotenburg                | BOX(9.433281027794779 50.71778291785896,10.063865032469096 51.08556753424413)
 01053 | Herzogtum Lauenburg               | BOX(10.235029231747426 53.35983098363718,10.954884037806938 53.82752729892146)
 16069 | Hildburghausen                    | BOX(10.450531777079762 50.204818957171696,11.039552559738356 50.61526497237057)
 03254 | Hildesheim                        | BOX(9.628811925260074 51.89690614977434,10.263958468326612 52.29688447757306)
 05958 | Hochsauerlandkreis                | BOX(7.863767206648451 51.092548116293116,8.97081495620983 51.548585395992795)
 06434 | Hochtaunuskreis                   | BOX(8.315193694309956 50.15547615140275,8.712380313980312 50.4150484550264)
 09464 | Hof                               | BOX(11.807403592339893 50.26711095621315,11.97208754118287 50.35499253918991)
 09475 | Hof                               | BOX(11.528595685744442 50.103248024497304,12.162127956109156 50.42472776376185)
 08126 | Hohenlohekreis                    | BOX(9.343376838881522 49.09544215210464,9.860396262786331 49.430089687849915)
 03255 | Holzminden                        | BOX(9.307762155094954 51.646018442921175,9.894895783019328 52.04412348717974)
 05762 | Höxter                            | BOX(8.905369613194658 51.44201500807489,9.461478369130122 51.91140879797263)
 16070 | Ilm-Kreis                         | BOX(10.743997560271303 50.546942300647174,11.224101167476766 50.91316285774283)
 09161 | Ingolstadt                        | BOX(11.255915943524565 48.68426673151182,11.503342526006099 48.82311898417521)
 16053 | Jena                              | BOX(11.49928781111761 50.8561893955842,11.672849811767591 50.9890572526045)
 15086 | Jerichower Land                   | BOX(11.68732978103301 52.000807045810426,12.330781528851407 52.57573632366726)
 07312 | Kaiserslautern                    | BOX(7.627168079165173 49.35861393722498,7.870739198063772 49.49511912379307)
 07335 | Kaiserslautern                    | BOX(7.392535277463843 49.30682668507734,8.002559454934927 49.59711285188813)
 08212 | Karlsruhe                         | BOX(8.277348961239374 48.94036053548241,8.542898298179283 49.091560971681545)
 08215 | Karlsruhe                         | BOX(8.258357846004357 48.81307301723859,8.894172322817532 49.29002663075172)
 06611 | Kassel                            | BOX(9.351519060509952 51.2619410177144,9.569934784303326 51.368675752951134)
 06633 | Kassel                            | BOX(9.09292505586727 51.17041814988394,9.759452384731903 51.657499206502514)
 09762 | Kaufbeuren                        | BOX(10.551227689508941 47.840915413642755,10.661123303849534 47.92179636087146)
 09273 | Kelheim                           | BOX(11.594916979839194 48.578745101789686,12.133772837551737 49.02330781782664)
 09763 | Kempten (Allgäu)                  | BOX(10.233105238092753 47.695135739571235,10.377875236693477 47.777876871085056)
 01002 | Kiel                              | BOX(10.032632255852294 54.25082830053103,10.218688828051548 54.43294433667908)
 09675 | Kitzingen                         | BOX(10.039984207402416 49.589878316991054,10.554961756869854 49.91591834124402)
 05154 | Kleve                             | BOX(5.945029569643067 51.35501977041604,6.534572296250714 51.905222047626424)
 07111 | Koblenz                           | BOX(7.484140149797342 50.28295899287014,7.695963727181427 50.41031908671939)
 05315 | Köln                              | BOX(6.772376037981896 50.82963003268687,7.163622663010853 51.08456558083163)
 08335 | Konstanz                          | BOX(8.61386858639943 47.65208755260006,9.21783774670656 47.942244162895335)
 05114 | Krefeld                           | BOX(6.477928448569561 51.286827857612046,6.706166072170269 51.40630715003612)
 09476 | Kronach                           | BOX(11.168541551424726 50.15926939386135,11.610432326930272 50.523239712932714)
 09477 | Kulmbach                          | BOX(11.2507922633845 49.9346282440176,11.689868578157954 50.268506211150005)
 07336 | Kusel                             | BOX(7.24643765979496 49.36341035963986,7.728178901474254 49.713989590377736)
 16065 | Kyffhäuserkreis                   | BOX(10.483550713956564 51.19930841330964,11.475225978321427 51.429791972818286)
 06532 | Lahn-Dill-Kreis                   | BOX(8.109687953547548 50.39576130225753,8.65080714257259 50.882798630565404)
 07313 | Landau in der Pfalz               | BOX(7.864105842062874 49.15511190174242,8.180822806522645 49.31637150693518)
 09181 | Landsberg am Lech                 | BOX(10.748334562574858 47.842305371863254,11.170240631993893 48.23667660894879)
 09261 | Landshut                          | BOX(12.019374661910664 48.50816975678975,12.284869630164152 48.59550911970854)
 09274 | Landshut                          | BOX(11.877926248349427 48.31634643272389,12.509220066122086 48.772628518331395)
 03457 | Leer                              | BOX(6.639255127627649 53.03367617010033,7.885607590866579 53.61768371842707)
 14713 | Leipzig                           | BOX(12.236778645616925 51.238153875303816,12.542606999586996 51.44806688271266)
 14729 | Leipzig                           | BOX(12.147653576050631 50.978794549983334,12.942616021037322 51.46865337590528)
 05316 | Leverkusen                        | BOX(6.898045049942199 51.0109172088542,7.115692703757037 51.09711845713891)
 09478 | Lichtenfels                       | BOX(10.874620792896433 49.989563023731,11.363619004742398 50.2186870020239)
 06533 | Limburg-Weilburg                  | BOX(7.964191681561412 50.264060828909464,8.467214990047546 50.59967883359249)
 09776 | Lindau (Bodensee)                 | BOX(9.602077153499122 47.52860878278317,10.077292399397699 47.686983016406245)
 05766 | Lippe                             | BOX(8.606338723138546 51.78904343220087,9.345218723197458 52.19459859364829)
 08336 | Lörrach                           | BOX(7.511871829787792 47.532360220558054,8.022338700802884 47.880310461087845)
 01003 | Lübeck                            | BOX(10.554769484598165 53.76810538408589,10.968375594132631 53.9940624518839)
 03354 | Lüchow-Dannenberg                 | BOX(10.750508844650605 52.84579634039095,11.598078494592333 53.25006714418374)
 08118 | Ludwigsburg                       | BOX(8.876031580731789 48.75412440934217,9.416235788728804 49.06459839766961)
 07314 | Ludwigshafen am Rhein             | BOX(8.298116709534366 49.426698076173544,8.477004709592014 49.550063788283644)
 13076 | Ludwigslust-Parchim               | BOX(10.593672881273253 53.110302570319206,12.366413235747402 53.79706002174423)
 03355 | Lüneburg                          | BOX(10.036090050437494 53.0430018151303,11.19532805569341 53.385844206540874)
 15003 | Magdeburg                         | BOX(11.51853972801934 52.02519234227775,11.763942794562755 52.228420541138334)
 06435 | Main-Kinzig-Kreis                 | BOX(8.780628992470264 50.06622345964201,9.748897227450803 50.46343641668667)
 09677 | Main-Spessart                     | BOX(9.372799803640232 49.74454110504067,10.04616203449674 50.24347390878195)
 08128 | Main-Tauber-Kreis                 | BOX(9.295673221395361 49.35219816758438,10.161698240226038 49.791477649801095)
 06436 | Main-Taunus-Kreis                 | BOX(8.316891988591324 49.996512748542195,8.600767042169831 50.20278507100353)
 07315 | Mainz                             | BOX(8.14342669745198 49.89555309721794,8.343030535323873 50.03529620603235)
 07339 | Mainz-Bingen                      | BOX(7.66475516090647 49.748534728253496,8.400054880365984 50.08259041673055)
 08222 | Mannheim                          | BOX(8.414139833811433 49.411041657445075,8.590068469753463 49.59047837749402)
 15087 | Mansfeld-Südharz                  | BOX(10.88205162928592 51.33981013996125,11.780369766348965 51.72993963585697)
 06534 | Marburg-Biedenkopf                | BOX(8.354630481432288 50.67376985589346,9.151586694425866 50.996706815948386)
 05962 | Märkischer Kreis                  | BOX(7.417653962174995 51.06852347050554,7.950876044459657 51.47853332609382)
 12064 | Märkisch-Oderland                 | BOX(13.610543075492975 52.373968471990594,14.639785638879738 52.903294496170844)
 07137 | Mayen-Koblenz                     | BOX(6.973801719681931 50.16012964975673,7.680986555043068 50.476613304665086)
 13071 | Mecklenburgische Seenplatte       | BOX(12.27514555748778 53.1625265669132,13.795998334997458 54.00493765445061)
 14627 | Meißen                            | BOX(13.182201463841153 51.007303368413936,13.85650250153984 51.45417172448884)
 09764 | Memmingen                         | BOX(10.084673156579322 47.91565048834828,10.233976825569634 48.047457525803836)
 10042 | Merzig-Wadern                     | BOX(6.356947242646854 49.37216086133269,6.963020678279488 49.61342263351361)
 05158 | Mettmann                          | BOX(6.799827071695813 51.0648856225184,7.169593920893816 51.38149549675839)
 09182 | Miesbach                          | BOX(11.597967404883033 47.58121483652233,12.062403657594011 47.94258625652215)
 09676 | Miltenberg                        | BOX(9.033336125006567 49.573558993987156,9.478939718850132 49.93841215400053)
 05770 | Minden-Lübbecke                   | BOX(8.29721368130394 52.16251418808809,9.136708747385889 52.53144342795385)
 14522 | Mittelsachsen                     | BOX(12.617354751069186 50.63364300565828,13.652173819600524 51.234662034276006)
 05116 | Mönchengladbach                   | BOX(6.291135663811776 51.08596359865806,6.537117808223305 51.2478491629858)
 09183 | Mühldorf a. Inn                   | BOX(12.032141516260003 48.08308210110855,12.609472207096221 48.42967570997561)
 05117 | Mülheim an der Ruhr               | BOX(6.804930922402685 51.35124100020716,6.959254577963725 51.47128542253298)
 09162 | München                           | BOX(11.360877208388954 48.061553773584585,11.72308253327021 48.24814577602211)
 09184 | München                           | BOX(11.385188521839643 47.917014349535364,11.852084666936 48.299545801297384)
 05515 | Münster                           | BOX(7.473962942770499 51.84019115132987,7.774221787742104 52.060175509627605)
 08225 | Neckar-Odenwald-Kreis             | BOX(8.937966286994317 49.27171448240118,9.603822915753083 49.66350784853561)
 09185 | Neuburg-Schrobenhausen            | BOX(10.947425369912906 48.463677306604524,11.457420273537743 48.82293482569923)
 09373 | Neumarkt i.d. OPf.                | BOX(11.185988266934576 48.951497125261575,11.942517099736685 49.4324781150978)
 01004 | Neumünster                        | BOX(9.92568089205302 54.01749028765027,10.058318227870213 54.149884828268604)
 10043 | Neunkirchen                       | BOX(6.916913596217148 49.287300581515076,7.292601446301563 49.441271831719256)
 09575 | Neustadt a.d. Aisch-Bad Windsheim | BOX(10.069613723286722 49.410086539109145,10.82142999948739 49.756260064276326)
 09374 | Neustadt a.d. Waldnaab            | BOX(11.628742610232358 49.50390547543115,12.593778437276137 49.85621029091704)
 07316 | Neustadt an der Weinstraße        | BOX(7.999564369745268 49.296083233098834,8.317406155459564 49.40088769249512)
 09775 | Neu-Ulm                           | BOX(9.967275614675962 48.108459268124186,10.315164180838968 48.47750435493734)
 07138 | Neuwied                           | BOX(7.209976780497048 50.4117278908404,7.71147269582162 50.71821864136498)
 03256 | Nienburg (Weser)                  | BOX(8.698548986054709 52.38787222298888,9.537840543017978 52.90953407604633)
 01054 | Nordfriesland                     | BOX(8.278555583726117 54.26197778793071,9.327241684932668 55.05877771563171)
 16062 | Nordhausen                        | BOX(10.470577173847834 51.36447066523801,10.979680169925567 51.64900827383965)
 14730 | Nordsachsen                       | BOX(12.148672567054438 51.19968807820084,13.216635542460507 51.68497371608557)
 13074 | Nordwestmecklenburg               | BOX(10.747711196461857 53.56643671852903,11.810478223440949 54.03407850696659)
 03155 | Northeim                          | BOX(9.417317501499637 51.55207694635005,10.162046912578848 51.947798652064286)
 09564 | Nürnberg                          | BOX(10.987927983367976 49.33193736548466,11.28013337449406 49.5403334403064)
 09574 | Nürnberger Land                   | BOX(11.128308923011522 49.302221059259736,11.601550345607611 49.71507236326628)
 09780 | Oberallgäu                        | BOX(9.958324294923933 47.27012360470945,10.511613351441238 47.86363962610397)
 05374 | Oberbergischer Kreis              | BOX(7.252578064197369 50.8186222839175,7.792022809416213 51.25031506992746)
 05119 | Oberhausen                        | BOX(6.777073120668455 51.448913918180274,6.930682076528781 51.579648229458144)
 12065 | Oberhavel                         | BOX(12.825030572725932 52.58674246221023,13.520947632526083 53.25111397867593)
 12066 | Oberspreewald-Lausitz             | BOX(13.634136634230371 51.35902035179621,14.217466864208726 51.903106200609834)
 06437 | Odenwaldkreis                     | BOX(8.784447721557227 49.47063680749881,9.150809170042235 49.85571239390138)
 12067 | Oder-Spree                        | BOX(13.666980239479987 51.999875532084815,14.759100960172638 52.502764288749816)
 06438 | Offenbach                         | BOX(8.590890435834394 49.947317973614204,9.048820260170018 50.133509587942086)
 06413 | Offenbach am Main                 | BOX(8.717834173113753 50.04695628807226,8.843302966849885 50.13730174789012)
 03458 | Oldenburg                         | BOX(8.050830267448276 52.797884977889154,8.69402693583969 53.172148887857645)
 03403 | Oldenburg (Oldb)                  | BOX(8.128036123363099 53.08234897340441,8.312263982763294 53.20515659564362)
 05966 | Olpe                              | BOX(7.701628277932333 50.92464006566762,8.245912790939107 51.248206559266855)
 08317 | Ortenaukreis                      | BOX(7.680713204637375 48.158224193540704,8.33047393516373 48.71858108155758)
 03404 | Osnabrück                         | BOX(7.93016303965859 52.22054918548423,8.180514163277742 52.33876595049798)
 03459 | Osnabrück                         | BOX(7.60397103206272 52.035510015698065,8.517437324295384 52.709339206912986)
 08136 | Ostalbkreis                       | BOX(9.619061777041694 48.714651517175405,10.457107387714885 49.06086347234387)
 09777 | Ostallgäu                         | BOX(10.326035148703443 47.513938538129345,10.952785696837772 48.11145112471781)
 03356 | Osterholz                         | BOX(8.48073469326699 53.125076364495705,9.071452822421099 53.39572169262681)
 01055 | Ostholstein                       | BOX(10.417470905709864 53.87955583931647,11.312892395727449 54.53610685124689)
 12068 | Ostprignitz-Ruppin                | BOX(12.120213078471037 52.681312774663574,13.056772845629043 53.32130150791617)
 05774 | Paderborn                         | BOX(8.403107785796061 51.44730147490181,9.017366241224252 51.87709411907214)
 09262 | Passau                            | BOX(13.302457581073028 48.540449548205565,13.51427273661375 48.61339240533381)
 09275 | Passau                            | BOX(12.983372797011464 48.29294958123783,13.83757629389458 48.761705747510376)
 03157 | Peine                             | BOX(9.995125097021093 52.174964699680594,10.45300928147772 52.44850141653768)
 09186 | Pfaffenhofen a.d. Ilm             | BOX(11.29510839634866 48.406165928225384,11.71999627632927 48.814335326222526)
 08231 | Pforzheim                         | BOX(8.625697802251347 48.81992428533795,8.808609273626306 48.9295777102039)
 01056 | Pinneberg                         | BOX(7.869099861200531 53.55758091193916,9.984677223594018 54.193011216882226)
 07317 | Pirmasens                         | BOX(7.514249218335651 49.14133836186468,7.673350560991187 49.23474240612117)
 01057 | Plön                              | BOX(10.016101522903512 54.0547901678047,10.729284961246268 54.435869743941176)
 12054 | Potsdam                           | BOX(12.888410253169795 52.342942127472305,13.165897844431859 52.514763107824784)
 12069 | Potsdam-Mittelmark                | BOX(12.216783136648207 51.97927464166408,13.31277603711114 52.55713484842221)
 12070 | Prignitz                          | BOX(11.265731920702704 52.87572909006924,12.418850412698328 53.371419405980795)
 08216 | Rastatt                           | BOX(7.959630743100802 48.58669494315054,8.485198283877578 48.98091685046718)
 08436 | Ravensburg                        | BOX(9.376013618327505 47.60177467218146,10.139665287927283 48.005548406122365)
 05562 | Recklinghausen                    | BOX(6.894253130459842 51.52073332415542,7.465275097067922 51.821920945809495)
 09276 | Regen                             | BOX(12.76376183535488 48.857224679628764,13.416651401068666 49.173579733585576)
 09362 | Regensburg                        | BOX(12.02934838871273 48.96693332919484,12.191706787995342 49.076225535113394)
 09375 | Regensburg                        | BOX(11.659064975347485 48.7649230039512,12.491274033235243 49.223642862895545)
 10041 | Regionalverband Saarbrücken       | BOX(6.711208355730201 49.11191501093337,7.137248388314029 49.37766835220762)
 03241 | Region Hannover                   | BOX(9.238116665048734 52.12835846355695,10.303397308260587 52.67704727038929)
 05120 | Remscheid                         | BOX(7.131223864632151 51.14327670599235,7.309180794581293 51.225376034039975)
 08119 | Rems-Murr-Kreis                   | BOX(9.23732746203386 48.74050610811392,9.769657722171369 49.07900070475336)
 01058 | Rendsburg-Eckernförde             | BOX(9.304147644969007 54.008885378714595,10.199382744928638 54.647008230159805)
 08415 | Reutlingen                        | BOX(9.114596139606519 48.194882001577774,9.638795525710146 48.6056469861685)
 05362 | Rhein-Erft-Kreis                  | BOX(6.453228547948681 50.71783108720049,7.03018139218159 51.06605980681333)
 06439 | Rheingau-Taunus-Kreis             | BOX(7.772490637258533 49.971842871845496,8.410851441812511 50.29620918120104)
 07140 | Rhein-Hunsrück-Kreis              | BOX(7.202684667034385 49.84046801333417,7.764844637604518 50.265493407295715)
 05378 | Rheinisch-Bergischer Kreis        | BOX(6.990384983009461 50.8672942843572,7.398479284335865 51.16084111854703)
 05162 | Rhein-Kreis Neuss                 | BOX(6.436434584533202 51.01508882001524,6.883558361461705 51.33669343316525)
 07141 | Rhein-Lahn-Kreis                  | BOX(7.578434960786514 50.06654010395368,8.122847727074474 50.41478464605599)
 08226 | Rhein-Neckar-Kreis                | BOX(8.45048452093735 49.174387512403484,9.100916623555227 49.6259469747337)
 07338 | Rhein-Pfalz-Kreis                 | BOX(8.232727444457817 49.24981651808419,8.50835743081298 49.607619934903525)
 05382 | Rhein-Sieg-Kreis                  | BOX(6.854292878794944 50.5559073589013,7.68222241859955 50.949751763234644)
 09673 | Rhön-Grabfeld                     | BOX(9.920382920499438 50.196381832264365,10.611389918211586 50.56422474230886)
 09163 | Rosenheim                         | BOX(12.054313304823875 47.81045932339153,12.153129462204914 47.88711346031603)
 09187 | Rosenheim                         | BOX(11.801841910376396 47.600866652953314,12.44403211704975 48.1431776217968)
 13003 | Rostock                           | BOX(11.998484676910941 54.05061844836961,12.293672760743164 54.24469567577811)
 13072 | Rostock                           | BOX(11.511437448697453 53.56730223181264,12.815981384920613 54.274951930629136)
 03357 | Rotenburg (Wümme)                 | BOX(8.89649252458554 52.917411134987674,9.75839467738797 53.59382706073802)
 09576 | Roth                              | BOX(10.83723449447217 48.9979301893586,11.426517891602819 49.391622403043414)
 09277 | Rottal-Inn                        | BOX(12.470559611004612 48.20669256707139,13.177042787422357 48.61706917486057)
 08325 | Rottweil                          | BOX(8.276832583318678 48.071141088997834,8.753246503824208 48.41098436174274)
 16074 | Saale-Holzland-Kreis              | BOX(11.420530584235811 50.74682226541382,12.021172270946098 51.08777536884235)
 15088 | Saalekreis                        | BOX(11.392966719117583 51.233352855342865,12.208334791387703 51.67539145861113)
 16075 | Saale-Orla-Kreis                  | BOX(11.45991565024583 50.37426848175533,11.964839854240962 50.79928573189593)
 16073 | Saalfeld-Rudolstadt               | BOX(10.966324202775606 50.42082107950691,11.633629875875863 50.83500871505044)
 10044 | Saarlouis                         | BOX(6.537274641047262 49.21527431067441,6.989319320028007 49.50170365934156)
 10045 | Saarpfalz-Kreis                   | BOX(7.06210624434039 49.114907328609604,7.403773227675336 49.40822248281149)
 14628 | Sächsische Schweiz-Osterzgebirge  | BOX(13.421380184082517 50.7169238165126,14.402143729178459 51.08987143027535)
 03102 | Salzgitter                        | BOX(10.230609364389341 52.01303069373694,10.507711254617465 52.222774833974775)
 15089 | Salzlandkreis                     | BOX(11.239632230676628 51.628807355380225,12.0199598261615 52.09320151249519)
 03257 | Schaumburg                        | BOX(8.963536742965307 52.0942814301809,9.448309576227864 52.45474107765541)
 01059 | Schleswig-Flensburg               | BOX(9.062382085896205 54.271648523463924,10.043211288357622 54.88697021592627)
 16066 | Schmalkalden-Meiningen            | BOX(10.03719106873619 50.392532456605885,10.754757768073272 50.851330088855974)
 09565 | Schwabach                         | BOX(10.970355995552469 49.29343576079661,11.087424452477986 49.37588503889561)
 08127 | Schwäbisch Hall                   | BOX(9.497408448778982 48.917595878431136,10.264630448288564 49.39516009103436)
 06634 | Schwalm-Eder-Kreis                | BOX(8.972673655430272 50.772845402601405,9.780937389146965 51.257646868328635)
 09376 | Schwandorf                        | BOX(11.934220342249851 49.143352476598295,12.644250380416697 49.59401122125076)
 08326 | Schwarzwald-Baar-Kreis            | BOX(8.109586739058479 47.770493484191256,8.663061326726458 48.186949443357776)
 09662 | Schweinfurt                       | BOX(10.165328332538934 50.00943485410724,10.27505472454848 50.094841099981636)
 09678 | Schweinfurt                       | BOX(9.957138050512075 49.82072593144852,10.531295783718516 50.23165952564968)
 13004 | Schwerin                          | BOX(11.295766849585995 53.54441173319748,11.505555737862885 53.6875200463708)
 01060 | Segeberg                          | BOX(9.751445145760782 53.64723457417635,10.563627487811527 54.107715004182694)
 05970 | Siegen-Wittgenstein               | BOX(7.826699861653057 50.68542016861473,8.549084808247144 51.14946733286356)
 08437 | Sigmaringen                       | BOX(8.934216865875745 47.8172149187994,9.60491269992127 48.28905788494178)
 05974 | Soest                             | BOX(7.827151339420522 51.388505981984686,8.585998601497332 51.72859846225159)
 05122 | Solingen                          | BOX(6.951093808362506 51.115240439477496,7.173950550805252 51.22050298086294)
 16068 | Sömmerda                          | BOX(10.862429419462833 51.009112971887944,11.485548328444816 51.32261810513445)
 16072 | Sonneberg                         | BOX(10.93923995136648 50.26775632068221,11.284966862012325 50.56654752913819)
 07318 | Speyer                            | BOX(8.375421411218918 49.28297553572501,8.49179629461735 49.37607125004566)
 12071 | Spree-Neiße                       | BOX(14.072946851935765 51.50501826641333,14.765701804200381 52.05774290637569)
 03359 | Stade                             | BOX(9.013168475080986 53.33704130217443,9.783694084240942 53.867662629860185)
 05334 | Städteregion Aachen               | BOX(5.974861423017713 50.49436866195726,6.419697450537811 50.950133221536994)
 09188 | Starnberg                         | BOX(11.12922695438924 47.820748495421164,11.434068906222551 48.13622017281806)
 01061 | Steinburg                         | BOX(9.198433535660644 53.707664660524884,9.86432951141909 54.09976563242977)
 05566 | Steinfurt                         | BOX(7.09447985403906 51.99483251627361,8.025188639465869 52.47509025612126)
 15090 | Stendal                           | BOX(11.396533349091124 52.33157799917611,12.257536445168855 53.04179848863356)
 01062 | Stormarn                          | BOX(10.022741462240306 53.49541578945618,10.621853416765452 53.92043686382311)
 09263 | Straubing                         | BOX(12.480215948509455 48.84171546697562,12.667366375716803 48.9242885371837)
 09278 | Straubing-Bogen                   | BOX(12.127661712853213 48.71560323496214,12.891426627600023 49.11945872724856)
 08111 | Stuttgart                         | BOX(9.038993798175252 48.68995617019498,9.315387276070417 48.86724862272665)
 10046 | St. Wendel                        | BOX(6.890421117181571 49.40920178541216,7.309871873369903 49.63943828623843)
 07337 | Südliche Weinstraße               | BOX(7.825709726264824 48.99931664740392,8.324318373690359 49.34379405055648)
 07340 | Südwestpfalz                      | BOX(7.320340967239173 49.03291668224386,7.916699787717879 49.37698657303087)
 16054 | Suhl                              | BOX(10.552010249894893 50.56139611589539,10.844074799328313 50.68853778173853)
 12072 | Teltow-Fläming                    | BOX(12.769780328024236 51.790940277086065,13.652954412247478 52.411619939032704)
 09377 | Tirschenreuth                     | BOX(11.803841012449663 49.75381327040298,12.55125570864797 50.06135973456983)
 09189 | Traunstein                        | BOX(12.323605232330783 47.625017003461785,12.885813014471651 48.163897063115044)
 07211 | Trier                             | BOX(6.552895244526514 49.69901875352657,6.746484737188139 49.857742172292426)
 07235 | Trier-Saarburg                    | BOX(6.35751092925341 49.51702186225946,7.065124742586678 49.91760671810288)
 08416 | Tübingen                          | BOX(8.755710559178432 48.362768305146915,9.17565692632883 48.62281451242014)
 08327 | Tuttlingen                        | BOX(8.586750280729612 47.846245774140634,9.021369949975321 48.1846243004157)
 12073 | Uckermark                         | BOX(13.239651351577908 52.93154916117593,14.450570290738415 53.55870151955179)
 03360 | Uelzen                            | BOX(10.145756208731084 52.76506372971863,10.892681828933275 53.20387231965728)
 08421 | Ulm                               | BOX(9.843086746770535 48.30687804369102,10.04241415261728 48.46850006391118)
 05978 | Unna                              | BOX(7.407750232174687 51.38559376233865,7.84974197284413 51.736311421357044)
 16064 | Unstrut-Hainich-Kreis             | BOX(10.185303319239333 51.031954716287075,10.922568401856477 51.34395729324693)
 09778 | Unterallgäu                       | BOX(10.076755533796396 47.82008750806002,10.70789369773146 48.22965384612139)
 03460 | Vechta                            | BOX(8.013967294588218 52.43294041642593,8.473592487386217 52.88425755540742)
 03361 | Verden                            | BOX(8.90369782317702 52.76771242934053,9.463926744140345 53.18447605293846)
 05166 | Viersen                           | BOX(6.067974199717186 51.1663169882521,6.625992318541753 51.42499774980835)
 06535 | Vogelsbergkreis                   | BOX(8.904528694371093 50.385474246047885,9.650018740040624 50.83664519471345)
 14523 | Vogtlandkreis                     | BOX(11.871462575397967 50.171534964765115,12.584032799789512 50.67708628897963)
 13075 | Vorpommern-Greifswald             | BOX(12.986923590525766 53.25481373566647,14.412381010478853 54.25162865471006)
 13073 | Vorpommern-Rügen                  | BOX(12.278130275291002 53.973836024920125,13.767270057566813 54.68501101115593)
 07233 | Vulkaneifel                       | BOX(6.385005839315206 50.073413371614535,7.070435275818391 50.389485960627795)
 06635 | Waldeck-Frankenberg               | BOX(8.473368208814312 50.93556074182393,9.221377215838476 51.518610669619214)
 08337 | Waldshut                          | BOX(7.871055948297685 47.54378659031542,8.628982774429081 47.858487409971254)
 05570 | Warendorf                         | BOX(7.613227732313902 51.65812456525504,8.320136134018112 52.10408040993071)
 16063 | Wartburgkreis                     | BOX(9.876975921558868 50.62682568499675,10.617221922542711 51.153267719770334)
 09363 | Weiden i.d. OPf.                  | BOX(12.063970659502289 49.61459200658226,12.266508039104808 49.71193420655793)
 09190 | Weilheim-Schongau                 | BOX(10.715888479929342 47.6155661384652,11.42995394515442 47.954845520608465)
 16055 | Weimar                            | BOX(11.234882801369574 50.916712681678526,11.402000739311527 51.03677248519022)
 16071 | Weimarer Land                     | BOX(11.105966851223217 50.79354946724112,11.697217940720641 51.11936512363249)
 09577 | Weißenburg-Gunzenhausen           | BOX(10.630214722944201 48.859356619932825,11.201364464668583 49.20497319565435)
 06636 | Werra-Meißner-Kreis               | BOX(9.624978703301599 50.99224541731581,10.235998831584883 51.42113874791277)
 05170 | Wesel                             | BOX(6.292895966905214 51.389513897029,6.940518348585391 51.817015545954355)
 03461 | Wesermarsch                       | BOX(8.164180405144075 53.09927558302502,8.657680503247766 53.61628254559748)
 07143 | Westerwaldkreis                   | BOX(7.59493515764885 50.34744041119505,8.152160898979478 50.74007047120745)
 06440 | Wetteraukreis                     | BOX(8.514139287321635 50.16192258923217,9.290445677860866 50.50013547014293)
 06414 | Wiesbaden                         | BOX(8.110274580989664 49.994415485159905,8.386064514488751 50.15178818368305)
 03405 | Wilhelmshaven                     | BOX(7.993551129534375 53.50175809510503,8.170974824923464 53.63810899976666)
 15091 | Wittenberg                        | BOX(12.25197671033848 51.61060204136439,13.187071618933059 52.045119281351546)
 03462 | Wittmund                          | BOX(7.407816828077355 53.362888811765615,7.97517266875157 53.78225426924831)
 03158 | Wolfenbüttel                      | BOX(10.175169049196182 51.97051658987892,10.889277622269628 52.30325675450539)
 03103 | Wolfsburg                         | BOX(10.647242588136974 52.31594620493495,10.906861318867175 52.49508041702543)
 07319 | Worms                             | BOX(8.238381483194347 49.58638176479891,8.446377658057662 49.736664704790634)
 09479 | Wunsiedel i. Fichtelgebirge       | BOX(11.789113904018905 49.970724639343295,12.275353647212613 50.22766373264413)
 05124 | Wuppertal                         | BOX(7.014970076244055 51.16637502128069,7.31357020249511 51.3182587582856)
 09663 | Würzburg                          | BOX(9.871673287833596 49.71016182947791,10.014397538342468 49.84563010775308)
 09679 | Würzburg                          | BOX(9.625449125352647 49.48036425405915,10.189162017464243 49.953620853718384)
 08417 | Zollernalbkreis                   | BOX(8.647754607123181 48.10356611270313,9.221772788689705 48.417511477702426)
 07320 | Zweibrücken                       | BOX(7.288958157906892 49.18949914075459,7.448378469026325 49.31635206095397)
 14524 | Zwickau                           | BOX(12.226650524343192 50.5466688297669,12.806067368075373 50.92367790201117)
(400 rows)

