"adv_id","beginnt","land","regierungsbezirk","kreis","gemeinde","gemarkungsnummer","flurnummer","nenner","zaehler","abweichender_rechtszustand","wkt_geometry"
"DESHPDHK0002UhBz","2020-09-10T12:20:06Z","01","0","54","022","5519","13","","35","false","Polygon((486326.532 6059747.541,486552.39 6059764.195,486674.425 6059773.203,486686.961 6059774.122,486698.946 6059775.002,486857.409 6059786.688,487020.449 6059798.704,487034.433 6059799.733,487047.518 6059800.702,487060.613 6059801.671,487109.093 6059805.237,487155.385 6059808.643,487289.121 6059818.493,487301.696 6059819.422,487315.301 6059820.421,487347.608 6059822.809,487406.664 6059827.164,487371.67 6059862.103,487357.196 6059860.864,487156.017 6059845.97,486952.886 6059831.203,486789.795 6059819.376,486568.006 6059803.021,486349.175 6059786.786,486238.835 6059778.808,485993.994 6059760.345,485826.992 6059746.976,485825.085 6059746.865,485822.034 6059746.687,485821.854 6059749.176,485818.707 6059748.947,485816.347 6059748.776,485816.526 6059746.287,485813.825 6059746.091,485811.568 6059745.927,485784.419 6059744.889,485835.378 6059711.329,485893.627 6059715.622,485894.529 6059715.688,485895.69 6059715.774,485986.156 6059722.44,486090.028 6059730.096,486136.991 6059733.555,486256.447 6059742.372,486269.363 6059743.322,486282.638 6059744.302,486326.532 6059747.541))"
"DESHPDHK0002UhD0","2020-09-10T12:19:58Z","01","0","54","022","5519","14","","17","false","Polygon((484192.413 6059488.317,484153.648 6059475.652,484153.138 6059477.351,484145.591 6059474.842,484146.101 6059473.153,484138.124 6059470.554,484102.417 6059458.838,484113.942 6059424.031,484132.884 6059430.419,484219.922 6059459.768,484222.332 6059460.552,484228.428 6059462.537,484223.491 6059477.402,484217.312 6059475.428,484214.324 6059474.473,484213.575 6059475.182,484213.565 6059475.592,484192.413 6059488.317))"
"DESHPDHK0002UhD5","2020-09-25T05:06:11Z","01","0","54","022","5519","14","1","10","false","Polygon((484224.561 6059489.657,484224.681 6059489.257,484228.089 6059478.931,484233.007 6059464.057,484248.671 6059469.265,484253.189 6059470.764,484257.058 6059472.054,484254.479 6059479.821,484252.07 6059487.078,484252.47 6059487.218,484250.621 6059492.736,484248.842 6059497.704,484248.022 6059500.203,484242.684 6059498.594,484240.795 6059497.954,484223.841 6059492.046,484224.561 6059489.657))"
"DESHPDHK0002UhD6","2011-05-31T17:47:26Z","01","0","54","022","5519","14","1","11","false","Polygon((484223.491 6059477.402,484228.428 6059462.537,484233.007 6059464.057,484228.089 6059478.931,484223.491 6059477.402))"
"DESHPDHK0002UhD9","2011-05-31T17:47:26Z","01","0","54","022","5519","14","","24","false","Polygon((484113.942 6059424.031,484102.417 6059458.838,484091.511 6059455.259,484070.779 6059448.432,484069.42 6059452.21,484064.442 6059466.025,483980.634 6059438.176,483976.845 6059435.817,483975.366 6059433.728,483967.368 6059414.296,483963.879 6059410.768,483958.571 6059410.128,483955.053 6059414.076,483969.056 6059375.181,484113.942 6059424.031))"
"DESHPDHK0002UhDa","2023-02-06T11:33:56Z","01","0","54","022","5519","14","3","15","false","Polygon((485254.176 6059752.287,485146.96 6059753.2,485120.321 6059752.282,484989.204 6059742.799,484767.349 6059726.18,484742.718 6059723.32,484717.218 6059719.171,484689.439 6059712.803,484657.761 6059703.495,484604.51 6059685.161,484602.561 6059684.621,484600.772 6059684.571,484598.933 6059685.261,484597.303 6059686.49,484596.134 6059687.87,484578.98 6059682.351,484578.96 6059680.152,484578.34 6059678.283,484577.161 6059676.773,484575.551 6059675.843,484573.672 6059675.244,484472.97 6059643.103,484404.906 6059620.54,484350.647 6059602.561,484309.451 6059588.911,484320.996 6059553.434,484328.772 6059529.553,484328.312 6059529.383,484277.551 6059510.799,484274.872 6059509.82,484275.612 6059507.371,484275.671 6059504.832,484274.922 6059501.903,484273.142 6059498.354,484270.543 6059495.205,484267.604 6059492.646,484264.035 6059490.657,484268.873 6059475.912,484395.655 6059502.933,484496.976 6059524.526,484689.983 6059565.664,484759.836 6059580.559,484877.381 6059605.612,485000.645 6059631.896,485140.559 6059661.711,485184.351 6059665.279,485272.366 6059672.453,485254.176 6059752.287))"
"DESHPDHK0002UhDb","2023-02-06T11:33:56Z","01","0","54","022","5519","14","4","15","false","Polygon((485652.332 6059698.691,485835.378 6059711.329,485784.419 6059744.889,485655.022 6059735.437,485637.599 6059734.648,485599.215 6059737.598,485452.535 6059751.419,485423.107 6059751.87,485254.176 6059752.287,485272.366 6059672.453,485652.332 6059698.691))"
"DESHPDHK0002UhDf","2022-09-26T09:28:33Z","01","0","54","022","5519","14","1","9","false","Polygon((484263.065 6059474.053,484263.965 6059474.353,484266.519 6059475.186,484268.533 6059475.842,484268.873 6059475.912,484264.035 6059490.657,484261.726 6059489.667,484259.187 6059488.778,484258.608 6059488.648,484252.47 6059487.218,484252.07 6059487.078,484254.479 6059479.821,484257.058 6059472.054,484263.065 6059474.053))"
"DESHPDHK00035RrB","2020-01-13T10:42:16Z","01","0","54","093","1559","7","","185","false","Polygon((488637.059 6055984.268,488762.614 6055912.459,488864.458 6055854.192,488868.186 6055852.053,488877.043 6055846.916,488880.482 6055844.927,488893.307 6055860.713,488890.059 6055862.572,488878.113 6055869.408,488772.541 6055929.814,488642.378 6056004.261,488547.074 6056058.895,488425.69 6056128.173,488294.181 6056203.359,488213.392 6056249.534,488121.507 6056301.886,487954.393 6056397.369,487870.229 6056445.622,487861.492 6056451.98,487856.595 6056456.299,487852.326 6056460.528,487848.858 6056464.597,487845.689 6056468.096,487841.901 6056471.995,487837.633 6056475.665,487832.495 6056479.654,487827.327 6056484.403,487820.2 6056488.482,487744.363 6056532.335,487675.542 6056571.989,487627.752 6056599.424,487627.682 6056599.464,487607.77 6056611.462,487583.89 6056627.019,487562.55 6056641.926,487549.555 6056652.064,487534.222 6056665.6,487516.11 6056682.736,487504.695 6056694.273,487498.847 6056700.652,487487.262 6056714.178,487479.256 6056724.425,487471.52 6056735.432,487466.032 6056744.259,487452.019 6056768.162,487445.302 6056780.518,487420.433 6056827.013,487378.893 6056903.719,487369.018 6056921.374,487362.64 6056931.731,487356.133 6056941.398,487348.407 6056952.015,487335.703 6056968.13,487325.457 6056980.476,487316.541 6056990.523,487309.134 6056998.351,487300.788 6057006.529,487290.003 6057016.517,487282.296 6057022.506,487248.661 6057051.449,487236.077 6057062.086,487232.748 6057064.556,487227.79 6057067.745,487223.982 6057069.685,487216.054 6057051.572,487215.944 6057051.332,487217.813 6057050.392,487221.372 6057048.103,487223.661 6057046.403,487235.755 6057036.175,487270.68 6057006.662,487276.757 6057001.533,487287.223 6056991.856,487294.869 6056984.338,487301.796 6056977.02,487310.283 6056967.453,487320.158 6056955.556,487332.473 6056939.941,487339.749 6056929.934,487345.827 6056920.906,487351.774 6056911.249,487361.38 6056894.075,487402.83 6056817.539,487419.652 6056786.079,487427.528 6056771.353,487427.578 6056771.273,487434.605 6056758.327,487448.918 6056733.925,487454.836 6056724.398,487461.273 6056715.24,487463.192 6056712.511,487471.788 6056701.514,487483.883 6056687.388,487490.22 6056680.48,487502.135 6056668.443,487520.737 6056650.837,487536.78 6056636.671,487550.674 6056625.843,487572.704 6056610.446,487597.154 6056594.519,487617.365 6056582.342,487617.565 6056582.222,487617.815 6056582.072,487665.575 6056554.656,487734.366 6056515.023,487807.805 6056472.559,487807.845 6056472.519,487815.451 6056468.17,487819.58 6056464.371,487824.977 6056460.182,487828.186 6056457.422,487831.105 6056454.413,487833.843 6056451.404,487837.662 6056446.915,487842.939 6056441.686,487848.977 6056436.367,487859.342 6056428.819,487882.682 6056415.441,487944.476 6056380.006,488001.852 6056347.211,488111.59 6056284.522,488116.198 6056281.893,488203.484 6056232.17,488284.253 6056186.005,488413.344 6056112.198,488537.147 6056041.541,488630.212 6055988.185,488637.059 6055984.268))"
"DESHPDHK00035RrC","2020-10-02T11:19:04Z","01","0","54","093","1559","7","","186","false","Polygon((488772.541 6055929.814,488878.113 6055869.408,488890.059 6055862.572,488893.307 6055860.713,488906.083 6055876.439,488907.792 6055879.248,488928.905 6055909.52,488930.364 6055911.859,488938.661 6055925.475,488940.361 6055928.035,488856.88 6055975.978,488760.096 6056031.193,488696.65 6056067.439,488685.555 6056076.403,488654.387 6056093.992,488641.052 6056099.248,488590.381 6056128.12,488514.89 6056171.244,488470.517 6056196.489,488430.852 6056218.976,488400.084 6056236.166,488354.751 6056261.392,488323.103 6056279.022,488312.117 6056288.797,488282.369 6056305.718,488267.345 6056311.075,488233.717 6056330.225,488162.365 6056371.004,488074.619 6056421.33,487992.401 6056468.379,487942.712 6056496.815,487889.564 6056527.131,487785.738 6056586.601,487772.774 6056597.269,487769.555 6056599.338,487765.187 6056602.158,487741.467 6056614.826,487728.232 6056618.076,487699.425 6056633.924,487680.433 6056644.742,487655.163 6056659.39,487638.43 6056669.748,487626.645 6056677.816,487616.15 6056685.774,487605.365 6056694.302,487592.01 6056705.66,487573.938 6056723.445,487560.444 6056737.941,487553.637 6056745.999,487542.822 6056760.065,487532.327 6056774.391,487523.331 6056788.257,487516.474 6056800.013,487507.258 6056816.648,487458.262 6056909.179,487454.553 6056916.777,487453.744 6056918.876,487454.084 6056920.905,487454.883 6056922.295,487456.803 6056924.444,487461.701 6056926.603,487467.619 6056929.221,487475.136 6056933.289,487475.796 6056933.649,487478.594 6056935.158,487479.354 6056936.037,487483.013 6056940.295,487487.052 6056949.142,487487.292 6056954.39,487487.402 6056956.949,487487.362 6056957.389,487487.342 6056957.509,487486.483 6056964.926,487484.004 6056970.754,487478.007 6056983.87,487476.068 6056992.427,487473.099 6056998.725,487469.761 6057004.264,487465.773 6057009.902,487461.325 6057015.051,487453.878 6057022.929,487453.798 6057023.109,487450.84 6057025.948,487438.525 6057037.805,487436.726 6057039.445,487433.817 6057041.565,487433.587 6057041.695,487423.302 6057047.934,487384.089 6057071.719,487364.357 6057083.687,487361.039 6057085.707,487362.358 6057088.296,487362.688 6057088.955,487364.928 6057099.282,487365.198 6057100.501,487361.629 6057101.531,487352.673 6057104.131,487338.669 6057105.662,487320.316 6057109.282,487302.083 6057113.303,487291.048 6057116.473,487283.121 6057119.432,487251.984 6057132.941,487251.724 6057133.05,487249.735 6057128.512,487244.416 6057116.367,487243.207 6057113.608,487228.151 6057079.221,487226.911 6057076.382,487224.072 6057069.885,487223.982 6057069.685,487227.79 6057067.745,487232.748 6057064.556,487236.077 6057062.086,487248.661 6057051.449,487282.296 6057022.506,487290.003 6057016.517,487300.788 6057006.529,487309.134 6056998.351,487316.541 6056990.523,487325.457 6056980.476,487335.703 6056968.13,487348.407 6056952.015,487356.133 6056941.398,487362.64 6056931.731,487369.018 6056921.374,487378.893 6056903.719,487420.433 6056827.013,487445.302 6056780.518,487452.019 6056768.162,487466.032 6056744.259,487471.52 6056735.432,487479.256 6056724.425,487487.262 6056714.178,487498.847 6056700.652,487504.695 6056694.273,487516.11 6056682.736,487534.222 6056665.6,487549.555 6056652.064,487562.55 6056641.926,487583.89 6056627.019,487607.77 6056611.462,487627.682 6056599.464,487627.752 6056599.424,487675.542 6056571.989,487744.363 6056532.335,487820.2 6056488.482,487827.327 6056484.403,487832.495 6056479.654,487837.633 6056475.665,487841.901 6056471.995,487845.689 6056468.096,487848.858 6056464.597,487852.326 6056460.528,487856.595 6056456.299,487861.492 6056451.98,487870.229 6056445.622,487954.393 6056397.369,488121.507 6056301.886,488213.392 6056249.534,488294.181 6056203.359,488425.69 6056128.173,488547.074 6056058.895,488642.378 6056004.261,488772.541 6055929.814))"
"DESHPDHK00035RrH","2020-10-02T11:19:04Z","01","0","54","093","1559","7","","189","false","Polygon((487701.734 6056882.334,487875.412 6056812.191,488105.7 6056719.193,488125.952 6056708.427,488187.329 6056688.956,488234.521 6056673.863,488247.096 6056669.575,488262.63 6056663.818,488283.902 6056655.132,488305.354 6056645.546,488320.288 6056637.94,488336.312 6056631.113,488348.318 6056625.136,488360.423 6056619.998,488371.299 6056614.571,488410.454 6056593.76,488422.329 6056587.364,488433.145 6056580.597,488439.902 6056575.419,488448.049 6056567.833,488455.046 6056559.736,488461.614 6056550.58,488466.542 6056542.594,488470.65 6056532.988,488473.898 6056521.623,488475.427 6056513.627,488476.336 6056493.875,488476.695 6056474.523,488477.334 6056453.702,488482.162 6056438.199,488490.518 6056421.076,488502.383 6056405.444,488514.258 6056393.349,488526.734 6056383.435,488538.559 6056375.589,488552.834 6056368.363,488569.207 6056363.376,488586.821 6056363.028,488608.953 6056365.028,488622.418 6056365.629,488639.802 6056364.641,488655.976 6056363.003,488667.602 6056360.804,488681.577 6056357.457,488691.963 6056354.129,488707.067 6056348.483,488755.759 6056328.596,488806.23 6056308.479,488825.033 6056300.904,488838.368 6056295.538,488869.466 6056282.996,488913.24 6056265.288,488925.165 6056258.563,488940.029 6056252.117,488983.103 6056230.491,488995.329 6056226.874,489004.695 6056223.126,489014.551 6056216.759,489028.776 6056210.611,489038.722 6056204.244,489043.441 6056210.521,489058.796 6056230.95,489058.886 6056231.07,489059.865 6056232.369,489067.643 6056242.713,489068.473 6056244.912,489069.372 6056247.301,489068.643 6056248.041,489045.751 6056259.366,489032.087 6056265.904,489022.36 6056270.392,489009.115 6056275.89,488973.309 6056290.061,488924.017 6056309.428,488886.931 6056323.978,488847.696 6056339.358,488824.555 6056348.552,488814.129 6056353.129,488804.862 6056357.666,488796.175 6056362.623,488775.243 6056375.645,488749.263 6056392.286,488738.558 6056399.052,488730.271 6056403.649,488723.483 6056406.748,488715.416 6056409.646,488707.149 6056411.924,488698.583 6056413.403,488690.096 6056413.572,488681.449 6056413.742,488665.564 6056412.341,488632.576 6056409.65,488592.651 6056406.589,488586.583 6056406.569,488578.386 6056407.538,488572.718 6056408.887,488564.621 6056411.725,488557.284 6056415.443,488550.157 6056420.16,488543.669 6056425.408,488537.621 6056431.125,488532.004 6056437.812,488527.476 6056445.178,488524.077 6056452.865,488521.718 6056461.001,488520.209 6056469.468,488519.57 6056477.824,488519.25 6056489.409,488518.881 6056500.764,488518.162 6056509.281,488517.472 6056513.769,488516.882 6056517.717,488515.193 6056526.233,488514.584 6056529.242,488511.745 6056540.147,488509.006 6056548.294,488505.788 6056556.36,488501.98 6056564.176,488496.242 6056574.392,488489.225 6056584.038,488481.838 6056592.874,488473.961 6056601.16,488467.454 6056607.017,488460.816 6056612.435,488453.659 6056617.502,488446.342 6056621.99,488438.745 6056626.098,488432.637 6056629.267,488415.734 6056638.053,488390.383 6056651.096,488370.821 6056661.102,488357.296 6056668.049,488337.944 6056677.894,488324.159 6056684.741,488312.553 6056690.179,488296.31 6056697.525,488279.906 6056704.542,488270.509 6056708.221,488260.313 6056711.859,488249.787 6056715.138,488196.427 6056732.12,488129.982 6056753.431,488085.179 6056767.715,488056.21 6056777.031,488047.643 6056780.14,488033.649 6056785.788,488014.936 6056793.135,488001.991 6056797.913,487982.659 6056804.823,487965.836 6056811.032,487956.489 6056814.862,487906.52 6056838.349,487906.161 6056838.469,487888.948 6056845.718,487888.948 6056845.978,487856.261 6056860.696,487846.036 6056865.406,487832.661 6056871.565,487826.474 6056877.673,487821.776 6056883.572,487812.22 6056895.588,487806.453 6056903.226,487803.094 6056909.974,487797.997 6056927.419,487793.41 6056945.123,487790.032 6056959.038,487787.733 6056970.204,487786.514 6056978.501,487785.555 6056986.849,487784.196 6057002.124,487783.427 6057014.04,487783.217 6057021.398,487783.538 6057031.015,487784.849 6057060.345,487785.06 6057070.102,487784.95 6057074.801,487784.461 6057083.968,487783.242 6057096.254,487782.013 6057105.432,487780.255 6057114.829,487773.769 6057138.992,487771.151 6057149.549,487769.572 6057156.677,487768.103 6057164.844,487767.234 6057172.532,487767.224 6057180.33,487767.545 6057194.935,487767.566 6057205.652,487767.296 6057213.369,487766.628 6057228.125,487763.532 6057280.619,487760.876 6057327.044,487758.58 6057363.563,487758.141 6057375.609,487758.161 6057384.037,487758.491 6057389.185,487760.211 6057392.294,487762.26 6057396.313,487747.955 6057387.106,487743.667 6057384.348,487742.377 6057382.368,487725.172 6057355.808,487694.661 6057308.705,487700.014 6057234.528,487705.488 6057171.888,487716.795 6057041.588,487722.609 6056974.119,487724.987 6056947.829,487725.197 6056945.489,487725.587 6056941.011,487719.168 6056925.227,487718.759 6056924.208,487701.734 6056882.334))"
"DESHPDHK00035RrW","2020-10-02T11:19:04Z","01","0","54","093","1559","7","","196","false","Polygon((487464.2 6056921.484,487467.758 6056914.207,487516.665 6056821.855,487525.771 6056805.43,487532.378 6056794.124,487541.044 6056780.778,487551.399 6056766.662,487561.914 6056752.996,487568.391 6056745.338,487581.565 6056731.191,487599.078 6056713.966,487612.132 6056702.868,487622.748 6056694.48,487632.823 6056686.852,487644.198 6056679.074,487660.671 6056668.885,487685.871 6056654.288,487704.723 6056643.55,487732.271 6056628.392,487745.426 6056625.172,487770.765 6056611.644,487774.803 6056609.044,487779.192 6056617.151,487858.516 6056763.79,487874.601 6056783.262,487878.65 6056794.108,487880.009 6056797.766,487873.552 6056807.663,487875.412 6056812.191,487701.734 6056882.334,487688.089 6056887.844,487686.84 6056888.344,487685.75 6056889.184,487682.562 6056891.623,487658.902 6056902.571,487658.862 6056902.601,487585.492 6056936.027,487520.239 6056965.073,487478.007 6056983.87,487484.004 6056970.754,487486.483 6056964.926,487487.342 6056957.509,487487.362 6056957.389,487487.402 6056956.949,487487.292 6056954.39,487487.052 6056949.142,487483.013 6056940.295,487479.354 6056936.037,487478.594 6056935.158,487475.796 6056933.649,487475.136 6056933.289,487467.619 6056929.221,487461.701 6056926.603,487464.2 6056921.484))"
"DESHPDHK00035RsL","2020-10-02T11:19:04Z","01","0","54","093","1559","8","","1","false","Polygon((487735.015 6057920.22,487729.378 6057930.267,487726.929 6057935.356,487716.316 6057986.1,487708.073 6058032.614,487691.555 6058124.629,487685.937 6058124.46,487676.95 6058124.18,487669.653 6058123.95,487650.071 6058123.341,487611.505 6058122.153,487613.494 6058111.137,487622.317 6058062.315,487640.793 6057960.091,487651.216 6057902.439,487653.605 6057902.699,487654.144 6057899.94,487658.743 6057900.529,487660.641 6057892.212,487661.461 6057888.633,487662.43 6057884.414,487663.469 6057877.426,487664.968 6057867.34,487665.767 6057851.924,487673.58 6057793.233,487677.731 6057681.798,487674.203 6057681.758,487667.525 6057681.679,487673.016 6057567.355,487678.33 6057513.381,487680.028 6057489.209,487677.437 6057446.963,487683.368 6057343.775,487693.115 6057356.37,487743.819 6057413.499,487755.715 6057427.363,487758.334 6057430.422,487773.26 6057448.496,487773.77 6057460.472,487769.042 6057464.951,487768.403 6057467.25,487764.916 6057499.29,487758.012 6057553.014,487754.658 6057621.023,487750.665 6057701.908,487745.782 6057786.471,487744.905 6057814.963,487741.778 6057846.453,487735.015 6057920.22))"
"DESHPDHK00035Ru3","2022-06-27T09:06:29Z","01","0","54","093","1559","8","","80","false","Polygon((487686.024 6057297.519,487694.661 6057308.705,487725.172 6057355.808,487742.377 6057382.368,487743.667 6057384.348,487747.955 6057387.106,487762.26 6057396.313,487773.26 6057448.496,487758.334 6057430.422,487755.715 6057427.363,487743.819 6057413.499,487693.115 6057356.37,487683.368 6057343.775,487683.507 6057341.276,487684.077 6057331.299,487684.137 6057330.189,487685.794 6057301.578,487686.024 6057297.519))"
"DESHPDHK00035RxC","2016-02-02T07:20:40Z","01","0","54","093","1559","12","4","26","false","Polygon((487435.61 6057948.892,487348.459 6058046.021,487306.619 6058092.645,487299.452 6058095.244,487326.589 6058065.174,487366.49 6058020.95,487412.32 6057970.056,487463.697 6057913.013,487469.494 6057907.235,487476.571 6057901.626,487485.988 6057896.498,487498.792 6057891.029,487510.518 6057887.749,487518.405 6057886.42,487528.481 6057886.289,487654.144 6057899.94,487653.605 6057902.699,487651.216 6057902.439,487528.931 6057889.178,487507.869 6057890.919,487488.717 6057898.117,487471.814 6057908.534,487467.576 6057913.263,487435.61 6057948.892))"
"DESHPDHK00035RxL","2016-02-02T07:20:40Z","01","0","54","093","1559","12","2","26","false","Polygon((486734.691 6058723.411,486748.594 6058707.687,486799.059 6058651.697,486879.069 6058563.659,486908.944 6058531.131,487029.114 6058397.25,487122.407 6058292.936,487123.778 6058302.572,487121.449 6058303.502,487118.53 6058305.251,487028.974 6058404.627,487005.196 6058431.308,486947.286 6058496.284,486905.287 6058542.917,486878.61 6058572.866,486873.913 6058578.134,486808.605 6058651.457,486804.617 6058656.015,486769.804 6058694.691,486739.289 6058728.609,486736.251 6058732.427,486729.623 6058729.019,486734.691 6058723.411))"
"DESHPDHK00035RxM","2016-02-02T07:20:40Z","01","0","54","093","1559","12","","18","false","Polygon((487122.407 6058292.936,487153.992 6058257.638,487158.699 6058252.37,487159.46 6058260.716,487166.234 6058334.738,487166.734 6058340.206,487169.365 6058356.91,487173.634 6058373.094,487179.614 6058391.536,487195.421 6058426.033,487197.48 6058430.301,487242.22 6058519.416,487257.887 6058553.783,487267.665 6058577.713,487280.953 6058615.429,487286.232 6058625.804,487294.669 6058638.759,487303.437 6058649.605,487314.923 6058659.581,487326.329 6058667.547,487344.092 6058677.593,487363.485 6058687.039,487376.99 6058694.095,487405.11 6058712.248,487417.436 6058722.183,487446.086 6058747.383,487459.672 6058759.518,487468.339 6058767.574,487481.494 6058779.359,487483.553 6058780.759,487495.389 6058788.855,487507.545 6058794.083,487514.422 6058797.082,487514.532 6058800.49,487515.294 6058824.191,487515.554 6058832.268,487515.845 6058841.315,487516.326 6058856.209,487516.596 6058860.547,487518.105 6058863.706,487518.535 6058867.355,487520.676 6058885.448,487521.336 6058891.016,487521.296 6058895.194,487517.848 6058901.352,487504.863 6058893.855,487484.901 6058889.868,487469.187 6058884.1,487456.242 6058875.344,487439.218 6058861.65,487432.11 6058851.384,487424.152 6058836.09,487407.486 6058796.536,487403.287 6058786.62,487391.23 6058766.777,487379.924 6058751.614,487367.688 6058739.459,487356.742 6058730.252,487299.352 6058695.168,487266.154 6058670.688,487256.427 6058660.183,487251.208 6058649.917,487236.09 6058609.103,487217.823 6058559.762,487199.337 6058519.208,487190.219 6058501.765,487181.372 6058486.141,487151.248 6058425.385,487139.33 6058392.008,487132.13 6058366.987,487128.82 6058345.985,487126.198 6058319.645,487123.778 6058302.572,487122.407 6058292.936))"
"DESHPDHK00035RxQ","2020-10-02T11:19:04Z","01","0","54","093","1559","13","","2","false","Polygon((484967.174 6059304.772,484968.134 6059302.863,484973.611 6059297.445,484976.45 6059294.635,484979.089 6059293.666,484981.698 6059293.706,484983.517 6059294.695,484984.957 6059296.105,484997.933 6059313.209,485135.543 6059456.19,485284.048 6059606.925,485290.596 6059610.734,485283.429 6059623.899,485126.497 6059465.097,484986.687 6059324.286,484969.184 6059311.22,484967.604 6059309.301,484966.894 6059307.061,484967.174 6059304.772))"
"DESHPDHK00035RxR","2020-10-02T11:19:04Z","01","0","54","093","1559","13","","3","false","Polygon((484960.846 6059284.459,484963.715 6059281.62,484976.45 6059294.635,484973.611 6059297.445,484968.134 6059302.863,484955.368 6059289.877,484960.846 6059284.459))"
"DESHPDHK00035RxS","2023-12-11T10:04:30Z","01","0","54","093","1559","13","","6","false","Polygon((484294.132 6059450.882,484292.543 6059455.06,484290.604 6059457.189,484288.195 6059458.819,484285.486 6059460.028,484282.637 6059460.818,484279.728 6059461.188,484276.779 6059461.168,484273.821 6059460.748,484278.978 6059449.862,484294.132 6059450.882))"
"DESHPDHK00035RxT","2020-10-02T11:19:04Z","01","0","54","093","1559","13","1","8","false","Polygon((484245.71 6059425.831,484251.658 6059414.235,484258.055 6059403.08,484296.377 6059336.954,484304.024 6059323.779,484317.048 6059300.548,484349.164 6059255.714,484351.883 6059254.634,484355.541 6059253.175,484352.842 6059256.564,484324.805 6059306.725,484324.565 6059306.585,484318.938 6059316.532,484309.672 6059335.765,484308.063 6059339.103,484305.094 6059347.55,484306.124 6059348.17,484302.176 6059358.756,484299.737 6059365.294,484299.507 6059365.923,484283.945 6059407.628,484276.538 6059422.352,484269.571 6059437.307,484265.113 6059447.423,484260.265 6059445.594,484258.376 6059444.954,484256.887 6059444.434,484241.292 6059439.026,484245.71 6059425.831))"
"DESHPDHK00035RxU","2018-01-29T09:16:48Z","01","0","54","093","1559","13","","18","false","Polygon((486030.841 6059474.005,485893.091 6059627.289,485891.612 6059628.929,485866.123 6059657.339,485864.104 6059656.759,485625.371 6059637.274,485459.058 6059624.974,485305.54 6059614.092,485297.423 6059612.863,485290.596 6059610.734,485284.048 6059606.925,485135.543 6059456.19,484997.933 6059313.209,484984.957 6059296.105,484983.517 6059294.695,484981.698 6059293.706,484979.089 6059293.666,484976.45 6059294.635,484963.715 6059281.62,484964.704 6059278.671,484964.274 6059275.612,484962.245 6059273.173,484648.594 6058961.475,484800.163 6058811.022,484957.868 6058654.922,485115.562 6058498.453,485273.248 6058342.053,485430.985 6058185.85,485588.482 6058029.795,485734.909 6057885.335,485762.228 6057859.904,485793.905 6057832.734,485833.028 6057802.014,485863.806 6057780.132,485889.495 6057763.037,485918.063 6057745.443,485947.941 6057728.159,485979.658 6057711.594,486013.484 6057695.409,486100.107 6057657.083,486302.688 6057567.795,486508.388 6057477.316,486717.665 6057385.557,486941.436 6057287.119,487152.267 6057194.218,487246.957 6057152.624,487258.483 6057148.495,487279.774 6057140.865,487310.171 6057132.206,487333.882 6057127.285,487370.567 6057124.633,487415.21 6057128.237,487479.855 6057146.306,487528.618 6057172.023,487568.504 6057202.989,487601.653 6057239.145,487634.933 6057281.239,487683.368 6057343.775,487677.437 6057446.963,487680.028 6057489.209,487678.33 6057513.381,487673.016 6057567.355,487667.525 6057681.679,487674.203 6057681.758,487664.887 6057842.218,487658.431 6057876.877,487613.768 6057871.97,487539.605 6057863.906,487511.216 6057864.547,487484.527 6057872.196,487463.965 6057883.163,487452.7 6057891.401,487441.615 6057901.668,487389.578 6057959.46,487327.815 6058028.128,487181.455 6058190.652,487154.568 6058218.902,487145.732 6058224.141,487117.206 6058256.02,487112.269 6058267.695,487010.929 6058380.856,486860.875 6058547.255,486731.959 6058692.682,486596.335 6058844.707,486554.885 6058891.111,486467.557 6058988.576,486410.782 6059051.833,486366.021 6059101.705,486197.212 6059289.655,486030.841 6059474.005))"
"DESHPDHK00035RxV","2020-10-02T11:19:04Z","01","0","54","093","1559","13","","19","false","Polygon((487518.405 6057886.42,487510.518 6057887.749,487498.792 6057891.029,487485.988 6057896.498,487476.571 6057901.626,487469.494 6057907.235,487463.697 6057913.013,487412.32 6057970.056,487366.49 6058020.95,487326.589 6058065.174,487299.452 6058095.244,487199.48 6058206.775,487158.699 6058252.37,487153.992 6058257.638,487122.407 6058292.936,487029.114 6058397.25,486908.944 6058531.131,486879.069 6058563.659,486799.059 6058651.697,486748.594 6058707.687,486734.691 6058723.411,486729.623 6058729.019,486726.655 6058732.308,486612.27 6058859.132,486570.57 6058905.205,486482.872 6059002.34,486381.486 6059115.599,486325.699 6059178.166,486320.342 6059184.264,486212.497 6059303.3,486128.312 6059396.974,486097.985 6059431.531,486047.096 6059488.519,485891.723 6059660.227,485893.522 6059665.785,485881.587 6059664.046,485877.879 6059661.907,485876.309 6059661.007,485873.78 6059659.548,485866.123 6059657.339,485891.612 6059628.929,485893.091 6059627.289,486030.841 6059474.005,486197.212 6059289.655,486366.021 6059101.705,486410.782 6059051.833,486467.557 6058988.576,486554.885 6058891.111,486596.335 6058844.707,486731.959 6058692.682,486860.875 6058547.255,487010.929 6058380.856,487112.269 6058267.695,487117.206 6058256.02,487145.732 6058224.141,487154.568 6058218.902,487181.455 6058190.652,487327.815 6058028.128,487389.578 6057959.46,487441.615 6057901.668,487452.7 6057891.401,487463.965 6057883.163,487484.527 6057872.196,487511.216 6057864.547,487539.605 6057863.906,487613.768 6057871.97,487658.431 6057876.877,487657.132 6057883.895,487656.523 6057887.154,487656.383 6057887.933,487656.243 6057888.663,487655.703 6057891.552,487654.144 6057899.94,487528.481 6057886.289,487518.405 6057886.42))"
"DESHPDHK00035RxW","2020-09-17T10:45:22Z","01","0","54","093","1559","13","","26","false","Polygon((484237.964 6059449.162,484233.007 6059464.057,484228.428 6059462.537,484233.406 6059447.653,484237.964 6059449.162))"
"DESHPDHK00035RxX","2020-10-02T11:19:04Z","01","0","54","093","1559","13","","27","false","Polygon((484240.463 6059441.585,484241.292 6059439.026,484256.887 6059444.434,484258.376 6059444.954,484260.265 6059445.594,484265.113 6059447.423,484264.304 6059449.922,484262.155 6059456.59,484257.058 6059472.054,484253.189 6059470.764,484248.671 6059469.265,484233.007 6059464.057,484237.964 6059449.162,484240.463 6059441.585))"
"DESHPDHK00035RxY","2020-10-02T11:19:04Z","01","0","54","093","1559","13","","1","false","Polygon((485290.596 6059610.734,485297.423 6059612.863,485305.54 6059614.092,485459.058 6059624.974,485625.371 6059637.274,485864.104 6059656.759,485866.123 6059657.339,485873.78 6059659.548,485876.309 6059661.007,485877.879 6059661.907,485881.587 6059664.046,485893.522 6059665.785,485889.994 6059671.233,485889.024 6059672.722,485885.336 6059678.43,485874.61 6059675.741,485864.174 6059669.944,485624.152 6059652.209,485457.819 6059640.118,485301.472 6059628.177,485292.306 6059626.698,485283.429 6059623.899,485290.596 6059610.734))"
"DESHPDHK00035RxZ","2011-06-03T17:50:20Z","01","0","54","093","1559","13","","42","false","Polygon((484009.869 6059323.041,484070.286 6059343.562,484105.942 6059355.978,484108.611 6059360.326,484109.202 6059373.691,484101.015 6059374.65,484100.155 6059368.663,484098.925 6059364.344,484096.036 6059362.565,484013.258 6059334.686,484008.439 6059334.636,483992.336 6059342.613,483986.688 6059343.933,483981.47 6059340.724,483982.469 6059335.386,483999.183 6059327.689,484009.869 6059323.041))"
"DESHPDHK00035Rxh","2020-09-10T12:20:06Z","01","0","54","093","1559","12","1","26","false","Polygon((486736.251 6058732.427,486687.835 6058786.148,486636.46 6058843.857,486582.386 6058904.595,486577.658 6058909.264,486495.447 6059000.781,486477.565 6059020.694,486465.46 6059034.169,486399.658 6059107.582,486394.011 6059113.87,486331.108 6059183.884,486326.609 6059188.912,486232.509 6059293.293,486132.451 6059404.721,486057.462 6059488.069,486052.944 6059493.277,486028.164 6059520.997,485906.947 6059656.588,485904.678 6059665.654,485903.338 6059666.584,485899.52 6059667.734,485899.168 6059667.708,485898.168 6059667.632,485897.131 6059667.554,485893.522 6059665.785,485891.723 6059660.227,486047.096 6059488.519,486097.985 6059431.531,486128.312 6059396.974,486212.497 6059303.3,486320.342 6059184.264,486325.699 6059178.166,486381.486 6059115.599,486482.872 6059002.34,486570.57 6058905.205,486612.27 6058859.132,486726.655 6058732.308,486729.623 6058729.019,486736.251 6058732.427))"
"DESHPDHK00035Rxk","2023-06-28T13:52:42Z","01","0","54","093","1559","12","3","26","false","Polygon((487303.061 6058101.591,487297.044 6058107.19,487231.035 6058180.484,487190.315 6058225.419,487164.337 6058254.089,487159.46 6058260.716,487158.699 6058252.37,487199.48 6058206.775,487299.452 6058095.244,487306.619 6058092.645,487468.019 6058112.622,487503.166 6058117.119,487590.194 6058128.242,487598.341 6058129.631,487603.249 6058131.19,487609.677 6058132.269,487609.424 6058134.133,487609.137 6058136.248,487606.044 6058136.058,487600.19 6058135.698,487467.57 6058119.369,487316.066 6058099.912,487308.679 6058099.492,487303.061 6058101.591))"
"DESHPDHK00035Rxq","2020-09-10T12:20:06Z","01","0","54","093","1559","12","","1","false","Polygon((486126.863 6059696.459,486314.185 6059710.055,486449.206 6059719.952,486626.011 6059732.547,486824.579 6059746.813,487032.432 6059761.987,487245.586 6059777.97,487441.688 6059792.205,487406.664 6059827.164,487347.608 6059822.809,487315.301 6059820.421,487301.696 6059819.422,487289.121 6059818.493,487155.385 6059808.643,487109.093 6059805.237,487060.613 6059801.671,487047.518 6059800.702,487034.433 6059799.733,487020.449 6059798.704,486857.409 6059786.688,486698.946 6059775.002,486686.961 6059774.122,486674.425 6059773.203,486552.39 6059764.195,486326.532 6059747.541,486282.638 6059744.302,486269.363 6059743.322,486256.447 6059742.372,486136.991 6059733.555,486090.028 6059730.096,485986.156 6059722.44,485895.69 6059715.774,485894.529 6059715.688,485893.627 6059715.622,485835.378 6059711.329,485885.336 6059678.43,486126.863 6059696.459))"
"DESHPDHK00035Rxr","2020-10-02T11:19:04Z","01","0","54","093","1559","12","","2","false","Polygon((485932.367 6059667.792,485936.865 6059669.512,486112.388 6059683.195,486127.753 6059684.394,486315.034 6059698.499,486386.568 6059703.897,486410.849 6059705.727,486450.035 6059708.686,486584.426 6059718.642,486623.431 6059721.352,486626.81 6059721.582,486825.328 6059736.547,487033.161 6059751.94,487246.346 6059767.604,487442.467 6059781.539,487442.087 6059786.747,487442.037 6059787.417,487441.688 6059792.205,487245.586 6059777.97,487032.432 6059761.987,486824.579 6059746.813,486626.011 6059732.547,486449.206 6059719.952,486314.185 6059710.055,486126.863 6059696.459,485885.336 6059678.43,485889.024 6059672.722,485889.994 6059671.233,485893.522 6059665.785,485897.131 6059667.554,485898.168 6059667.632,485899.168 6059667.708,485899.52 6059667.734,485903.338 6059666.584,485904.678 6059665.654,485906.947 6059656.588,485932.367 6059667.792))"
"DESHPDHK00035Ry0","2020-07-15T07:36:04Z","01","0","54","093","1559","13","","61","false","Polygon((484536.212 6059295.608,484482.22 6059463.178,484352.41 6059456.44,484355.988 6059445.284,484361.045 6059425.981,484345.93 6059404.389,484365.063 6059397.902,484376.078 6059393.013,484383.735 6059388.575,484394.241 6059380.458,484398.909 6059375.82,484403.857 6059369.572,484411.893 6059357.716,484417.94 6059336.694,484418.48 6059334.804,484418.48 6059334.495,484418.549 6059326.887,484418.619 6059317.911,484419.438 6059312.083,484417.459 6059303.596,484419.168 6059298.838,484418.598 6059291.95,484419.147 6059286.462,484423.545 6059272.597,484425.374 6059269.158,484429.442 6059259.412,484429.842 6059251.815,484428.372 6059243.468,484423.613 6059227.074,484536.212 6059295.608))"
"DESHPDHK00035Ry1","2019-12-12T13:13:17Z","01","0","54","093","1559","13","","43","false","Polygon((484151.235 6059375.69,484148.966 6059377.689,484146.458 6059386.366,484146.198 6059388.295,484140.67 6059388.525,484127.595 6059389.055,484124.596 6059389.495,484102.745 6059392.753,484102.644 6059392.1,484101.135 6059382.357,484099.955 6059374.78,484101.015 6059374.65,484109.202 6059373.691,484130.023 6059371.232,484157.712 6059367.953,484151.235 6059375.69))"
"DESHPDHK00035Ry2","2020-09-10T12:19:58Z","01","0","54","093","1559","13","","44","false","Polygon((484170.909 6059421.503,484173.292 6059422.304,484210.814 6059434.908,484213.913 6059436.427,484214.657 6059436.974,484216.482 6059438.316,484219.591 6059441.665,484222.82 6059444.164,484227.357 6059445.659,484233.406 6059447.653,484228.428 6059462.537,484222.332 6059460.552,484219.922 6059459.768,484132.884 6059430.419,484113.942 6059424.031,484124.596 6059389.495,484127.595 6059389.055,484140.67 6059388.525,484146.198 6059388.295,484145.848 6059390.874,484145.888 6059394.673,484146.288 6059398.441,484147.528 6059403,484149.787 6059407.168,484152.586 6059410.937,484155.445 6059413.805,484158.544 6059416.195,484161.443 6059417.874,484165.691 6059419.703,484166.421 6059417.594,484171.629 6059419.393,484170.909 6059421.503))"
"DESHPDHK00035Ry3","2011-06-03T17:50:20Z","01","0","54","093","1559","13","","63","false","Polygon((484798.923 6059133.321,484947.151 6059288.638,484948.801 6059290.117,484950.78 6059290.847,484952.759 6059290.827,484955.368 6059289.877,484968.134 6059302.863,484967.174 6059304.772,484966.894 6059307.061,484967.604 6059309.301,484969.184 6059311.22,484986.687 6059324.286,485126.497 6059465.097,485283.429 6059623.899,485272.366 6059672.453,485184.351 6059665.279,485140.559 6059661.711,485000.645 6059631.896,484877.381 6059605.612,484759.836 6059580.559,484689.983 6059565.664,484496.976 6059524.526,484395.655 6059502.933,484268.873 6059475.912,484273.821 6059460.748,484276.779 6059461.168,484279.728 6059461.188,484282.637 6059460.818,484285.486 6059460.028,484288.195 6059458.819,484290.604 6059457.189,484292.543 6059455.06,484294.132 6059450.882,484296.631 6059451.122,484314.794 6059452.851,484338.615 6059455.12,484352.41 6059456.44,484482.22 6059463.178,484536.212 6059295.608,484423.613 6059227.074,484425.782 6059214.708,484425.462 6059204.702,484429.44 6059196.415,484433.828 6059189.777,484442.224 6059177.091,484456.438 6059157.908,484467.293 6059144.423,484480.478 6059129.418,484491.683 6059117.462,484520.75 6059087.942,484638.849 6058971.142,484798.923 6059133.321))"
"DESHPDHK00035Ry4","2020-10-02T11:19:04Z","01","0","54","093","1559","13","","45","false","Polygon((484233.406 6059447.653,484227.357 6059445.659,484222.82 6059444.164,484219.591 6059441.665,484216.482 6059438.316,484214.657 6059436.974,484213.913 6059436.427,484210.814 6059434.908,484173.292 6059422.304,484170.909 6059421.503,484171.629 6059419.393,484166.421 6059417.594,484165.691 6059419.703,484161.443 6059417.874,484158.544 6059416.195,484155.445 6059413.805,484152.586 6059410.937,484149.787 6059407.168,484147.528 6059403,484146.288 6059398.441,484145.888 6059394.673,484145.848 6059390.874,484146.198 6059388.295,484146.458 6059386.366,484148.966 6059377.689,484151.235 6059375.69,484157.712 6059367.953,484209.53 6059306.106,484264.166 6059240.76,484338.954 6059152.802,484369.061 6059117.504,484498.504 6058974.954,484544.623 6058931.39,484566.653 6058911.208,484578.908 6058900.372,484584.416 6058905.919,484587.705 6058909.228,484630.691 6058952.55,484633.799 6058954.099,484554.215 6059033.131,484495.62 6059091.391,484483.535 6059103.537,484475.679 6059111.735,484467.902 6059120.142,484460.305 6059128.599,484452.799 6059137.326,484445.582 6059146.073,484436.996 6059157.359,484424.561 6059174.763,484422.502 6059173.203,484409.638 6059192.506,484389.317 6059225.575,484384.449 6059229.253,484377.382 6059231.083,484361.558 6059234.901,484356.61 6059238.19,484352.722 6059241.889,484350.972 6059243.848,484345.955 6059251.086,484315.608 6059293.58,484315.048 6059294.36,484314.769 6059294.88,484312.579 6059298.059,484309.991 6059301.827,484305.143 6059308.855,484300.635 6059315.852,484294.668 6059326.098,484282.203 6059348.12,484273.146 6059364.069,484272.048 6059366.003,484262.872 6059381.578,484254.276 6059395.602,484246.359 6059408.518,484233.406 6059447.653))"
"DESHPDHK00035Ry5","2011-06-03T17:50:20Z","01","0","54","093","1559","13","","64","false","Polygon((484369.226 6059254.704,484370.485 6059255.654,484371.545 6059260.122,484370.965 6059264.74,484348.546 6059302.277,484369.916 6059264.91,484371.055 6059262.141,484371.095 6059259.152,484370.205 6059256.303,484369.226 6059254.704))"
"DESHPDHK00035Ry6","2020-10-02T11:19:04Z","01","0","54","093","1559","13","","47","false","Polygon((485657.711 6057939.647,485714.787 6057883.257,485731.27 6057867.263,485743.755 6057855.497,485756.559 6057844.111,485778.37 6057825.337,485791.905 6057814.181,485803.09 6057805.234,485816.474 6057794.838,485828.16 6057786.111,485844.533 6057774.354,485856.328 6057766.167,485881.418 6057749.343,485880.498 6057747.144,485880.308 6057746.744,485880.428 6057746.664,485893.043 6057739.396,485894.292 6057741.206,485916.563 6057727.84,485926.689 6057721.942,485939.204 6057714.974,485952.029 6057708.126,485962.195 6057702.898,485977.849 6057695.13,485998.55 6057685.293,486019.451 6057675.877,486095.298 6057642.269,486296.4 6057553.37,486502 6057462.772,486515.104 6057456.964,486514.074 6057454.465,486513.824 6057453.875,486549.968 6057437.87,486550.358 6057438.57,486551.658 6057440.929,486711.387 6057370.832,486885.06 6057294.607,486884.42 6057293.207,486884.24 6057292.828,486884.04 6057292.388,486883.94 6057292.198,486882.631 6057289.339,486893.086 6057284.53,486894.616 6057287.499,486894.776 6057287.829,486895.765 6057289.808,486934.478 6057272.644,487144.799 6057180.094,487251.724 6057133.05,487258.483 6057148.495,487246.957 6057152.624,487152.267 6057194.218,486941.436 6057287.119,486717.665 6057385.557,486508.388 6057477.316,486302.688 6057567.795,486100.107 6057657.083,486013.484 6057695.409,485979.658 6057711.594,485947.941 6057728.159,485918.063 6057745.443,485889.495 6057763.037,485863.806 6057780.132,485833.028 6057802.014,485793.905 6057832.734,485762.228 6057859.904,485734.909 6057885.335,485588.482 6058029.795,485430.985 6058185.85,485273.248 6058342.053,485115.562 6058498.453,484957.868 6058654.922,484800.163 6058811.022,484648.594 6058961.475,484633.799 6058954.099,484637.878 6058950.05,484718.95 6058869.681,484787.758 6058801.606,484876.815 6058713.28,484948.53 6058642.127,484946.871 6058639.818,484955.077 6058631.631,484957.516 6058633.411,485038.007 6058553.632,485103.966 6058488.267,485205.928 6058387.336,485261.592 6058332.027,485307.44 6058286.604,485305.071 6058284.035,485304.741 6058283.685,485333.738 6058254.835,485334.248 6058255.275,485336.837 6058257.514,485372.71 6058221.947,485419.478 6058175.534,485596.687 6057999.996,485657.711 6057939.647))"
"DESHPDHK00035Ry7","2011-06-03T17:50:20Z","01","0","54","093","1559","13","","65","false","Polygon((484355.541 6059253.175,484359.719 6059251.535,484364.997 6059251.505,484369.226 6059254.704,484370.205 6059256.303,484371.095 6059259.152,484371.055 6059262.141,484369.916 6059264.91,484348.546 6059302.277,484345.147 6059307.965,484340.849 6059315.162,484340.339 6059316.012,484339.899 6059315.752,484324.805 6059306.725,484352.842 6059256.564,484355.541 6059253.175))"
"DESHPDHK00035Ry8","2020-10-02T11:19:04Z","01","0","54","093","1559","13","","48","false","Polygon((484946.871 6058639.818,484948.53 6058642.127,484876.815 6058713.28,484787.758 6058801.606,484718.95 6058869.681,484637.878 6058950.05,484633.799 6058954.099,484630.691 6058952.55,484587.705 6058909.228,484584.416 6058905.919,484578.908 6058900.372,484659.88 6058828.688,484704.54 6058784.165,484761.643 6058727.717,484903.774 6058586.871,485044.666 6058447.225,485085.297 6058407.41,485159.442 6058333.748,485163.28 6058326.821,485164.119 6058318.994,485162.389 6058309.718,485163.358 6058304.58,485172.294 6058296.133,485217.623 6058249.96,485226.729 6058245.102,485245.351 6058242.083,485257.086 6058236.734,485302.645 6058191.901,485331.102 6058163.831,485470.777 6058025.351,485612.856 6057884.76,485647.242 6057850.682,485674.121 6057824.351,485694.932 6057804.558,485720.061 6057782.116,485759.135 6057749.987,485774.819 6057738.001,485795.61 6057722.666,485825.738 6057701.883,485863.532 6057677.331,485925.787 6057642.033,485942.6 6057633.415,485961.402 6057624.098,486013.971 6057600.676,486091.887 6057566.618,486125.822 6057551.743,486196.781 6057520.314,486312.48 6057469.752,486466.592 6057402.005,486540.759 6057369.156,486569.807 6057356.35,486576.753 6057350.572,486582.531 6057344.874,486585.259 6057341.535,486597.783 6057322.662,486602.491 6057317.094,486607.978 6057312.196,486614.506 6057307.927,486648.88 6057291.133,486663.264 6057284.315,486685.674 6057273.619,486736.821 6057251.116,486772.345 6057235.061,486874.22 6057188.086,486932.763 6057161.544,486936.242 6057160.425,486940.81 6057161.284,486945.928 6057164.383,486949.127 6057165.742,486953.145 6057165.412,486989.909 6057150.277,486997.515 6057147.968,487005.002 6057147.048,487036.58 6057148.094,487042.198 6057147.914,487047.076 6057147.124,487086.509 6057130.046,487114.937 6057117.618,487220.633 6057071.395,487223.982 6057069.685,487224.072 6057069.885,487226.911 6057076.382,487228.151 6057079.221,487243.207 6057113.608,487244.416 6057116.367,487249.735 6057128.512,487251.724 6057133.05,487144.799 6057180.094,486934.478 6057272.644,486895.765 6057289.808,486894.776 6057287.829,486894.616 6057287.499,486893.086 6057284.53,486882.631 6057289.339,486883.94 6057292.198,486884.04 6057292.388,486884.24 6057292.828,486884.42 6057293.207,486885.06 6057294.607,486711.387 6057370.832,486551.658 6057440.929,486550.358 6057438.57,486549.968 6057437.87,486513.824 6057453.875,486514.074 6057454.465,486515.104 6057456.964,486502 6057462.772,486296.4 6057553.37,486095.298 6057642.269,486019.451 6057675.877,485998.55 6057685.293,485977.849 6057695.13,485962.195 6057702.898,485952.029 6057708.126,485939.204 6057714.974,485926.689 6057721.942,485916.563 6057727.84,485894.292 6057741.206,485893.043 6057739.396,485880.428 6057746.664,485880.308 6057746.744,485880.498 6057747.144,485881.418 6057749.343,485856.328 6057766.167,485844.533 6057774.354,485828.16 6057786.111,485816.474 6057794.838,485803.09 6057805.234,485791.905 6057814.181,485778.37 6057825.337,485756.559 6057844.111,485743.755 6057855.497,485731.27 6057867.263,485714.787 6057883.257,485657.711 6057939.647,485596.687 6057999.996,485419.478 6058175.534,485372.71 6058221.947,485336.837 6058257.514,485334.248 6058255.275,485333.738 6058254.835,485304.741 6058283.685,485305.071 6058284.035,485307.44 6058286.604,485261.592 6058332.027,485205.928 6058387.336,485103.966 6058488.267,485038.007 6058553.632,484957.516 6058633.411,484955.077 6058631.631,484946.871 6058639.818))"
"DESHPDHK00035Ry9","2020-06-29T08:04:58Z","01","0","54","093","1559","13","","69","false","Polygon((484307.694 6059370.352,484317.08 6059354.737,484317.34 6059354.897,484317.51 6059354.997,484340.749 6059316.262,484340.549 6059316.142,484340.339 6059316.012,484340.849 6059315.162,484345.147 6059307.965,484348.546 6059302.277,484370.965 6059264.74,484371.545 6059260.122,484370.485 6059255.654,484369.226 6059254.704,484364.997 6059251.505,484365.677 6059250.356,484366.497 6059249.026,484367.786 6059246.907,484368.756 6059247.467,484370.305 6059248.736,484371.615 6059250.256,484372.764 6059251.895,484373.224 6059252.785,484376.913 6059260.682,484378.243 6059263.441,484379.922 6059265.98,484381.891 6059268.249,484383.981 6059270.068,484384.161 6059270.228,484386.76 6059271.758,484389.519 6059272.917,484393.517 6059285.283,484397.436 6059297.388,484399.576 6059310.993,484399.726 6059320.43,484399.387 6059324.408,484395.159 6059340.572,484391.99 6059347.69,484387.922 6059354.327,484381.345 6059363.294,484374.998 6059369.812,484368.7 6059375.6,484362.713 6059378.889,484355.796 6059382.687,484341.312 6059387.525,484328.497 6059391.244,484320.14 6059393.663,484313.123 6059396.232,484303.307 6059401.82,484297.03 6059405.399,484290.132 6059410.727,484285.834 6059408.578,484283.945 6059407.628,484299.507 6059365.923,484307.694 6059370.352))"
"DESHPDHK00035Rya","2020-01-13T10:42:16Z","01","0","54","093","1559","13","","49","false","Polygon((485525.312 6057943.26,485598.791 6057870.546,485633.217 6057836.438,485660.235 6057809.967,485681.387 6057789.854,485707.056 6057766.932,485746.709 6057734.313,485762.823 6057722.018,485783.994 6057706.393,485814.611 6057685.27,485853.146 6057660.238,485916.29 6057624.44,485933.603 6057615.563,485952.895 6057606.006,486005.894 6057582.383,486083.87 6057548.305,486117.765 6057533.45,486188.734 6057502.011,486304.453 6057451.439,486458.525 6057383.712,486532.682 6057350.873,486559.18 6057339.187,486563.318 6057335.748,486567.716 6057331.399,486569.146 6057329.66,486581.77 6057310.637,486588.136 6057303.1,486595.783 6057296.282,486604.599 6057290.514,486640.203 6057273.11,486654.677 6057266.262,486677.347 6057255.435,486728.684 6057232.853,486764.048 6057216.878,486865.912 6057169.903,486925.566 6057142.851,486934.971 6057139.842,486948.066 6057142.311,486951.585 6057144.44,486983.191 6057131.424,486993.366 6057128.335,487004.112 6057127.015,487036.599 6057128.092,487040.287 6057127.971,487041.417 6057127.791,487078.522 6057111.714,487211.536 6057053.542,487215.944 6057051.332,487216.054 6057051.572,487223.982 6057069.685,487220.633 6057071.395,487114.937 6057117.618,487086.509 6057130.046,487047.076 6057147.124,487042.198 6057147.914,487036.58 6057148.094,487005.002 6057147.048,486997.515 6057147.968,486989.909 6057150.277,486953.145 6057165.412,486949.127 6057165.742,486945.928 6057164.383,486940.81 6057161.284,486936.242 6057160.425,486932.763 6057161.544,486874.22 6057188.086,486772.345 6057235.061,486736.821 6057251.116,486685.674 6057273.619,486663.264 6057284.315,486648.88 6057291.133,486614.506 6057307.927,486607.978 6057312.196,486602.491 6057317.094,486597.783 6057322.662,486585.259 6057341.535,486582.531 6057344.874,486576.753 6057350.572,486569.807 6057356.35,486540.759 6057369.156,486466.592 6057402.005,486312.48 6057469.752,486196.781 6057520.314,486125.822 6057551.743,486091.887 6057566.618,486013.971 6057600.676,485961.402 6057624.098,485942.6 6057633.415,485925.787 6057642.033,485863.532 6057677.331,485825.738 6057701.883,485795.61 6057722.666,485774.819 6057738.001,485759.135 6057749.987,485720.061 6057782.116,485694.932 6057804.558,485674.121 6057824.351,485647.242 6057850.682,485612.856 6057884.76,485470.777 6058025.351,485331.102 6058163.831,485302.645 6058191.901,485257.086 6058236.734,485245.351 6058242.083,485226.729 6058245.102,485217.623 6058249.96,485172.294 6058296.133,485163.358 6058304.58,485162.389 6058309.718,485164.119 6058318.994,485163.28 6058326.821,485159.442 6058333.748,485085.297 6058407.41,485044.666 6058447.225,484903.774 6058586.871,484761.643 6058727.717,484704.54 6058784.165,484659.88 6058828.688,484578.908 6058900.372,484564.792 6058886.158,484646.185 6058814.115,484690.454 6058769.971,484747.577 6058713.503,484889.699 6058572.677,485030.631 6058432.981,485071.261 6058393.176,485143.337 6058321.573,485143.827 6058320.674,485143.927 6058319.774,485142.047 6058309.698,485144.915 6058294.494,485158.298 6058281.859,485205.506 6058233.767,485220.25 6058225.9,485239.502 6058222.78,485245.589 6058220.011,485288.609 6058177.657,485317.046 6058149.617,485365.654 6058101.425,485456.712 6058011.147,485525.312 6057943.26))"
"DESHPDHK00035Ryb","2020-07-02T13:05:31Z","01","0","54","093","1559","13","","70","false","Polygon((484313.923 6059414.056,484309.435 6059416.515,484299.979 6059422.632,484296.241 6059426.571,484290.233 6059433.598,484286.475 6059439.326,484281.757 6059447.353,484278.978 6059449.862,484273.821 6059460.748,484271.441 6059460.318,484268.872 6059459.489,484262.155 6059456.59,484264.304 6059449.922,484265.113 6059447.423,484269.571 6059437.307,484276.538 6059422.352,484283.945 6059407.628,484285.834 6059408.578,484290.132 6059410.727,484297.03 6059405.399,484303.307 6059401.82,484313.123 6059396.232,484320.14 6059393.663,484328.497 6059391.244,484341.312 6059387.525,484355.796 6059382.687,484362.713 6059378.889,484368.7 6059375.6,484374.998 6059369.812,484381.345 6059363.294,484387.922 6059354.327,484391.99 6059347.69,484395.159 6059340.572,484399.387 6059324.408,484399.726 6059320.43,484399.576 6059310.993,484397.436 6059297.388,484393.517 6059285.283,484389.519 6059272.917,484386.76 6059271.758,484384.161 6059270.228,484383.981 6059270.068,484381.891 6059268.249,484379.922 6059265.98,484378.243 6059263.441,484376.913 6059260.682,484373.224 6059252.785,484372.764 6059251.895,484371.615 6059250.256,484370.305 6059248.736,484368.756 6059247.467,484367.786 6059246.907,484377.382 6059231.083,484384.449 6059229.253,484389.317 6059225.575,484409.638 6059192.506,484422.502 6059173.203,484424.561 6059174.763,484436.996 6059157.359,484445.582 6059146.073,484452.799 6059137.326,484460.305 6059128.599,484467.902 6059120.142,484475.679 6059111.735,484483.535 6059103.537,484495.62 6059091.391,484554.215 6059033.131,484633.799 6058954.099,484648.594 6058961.475,484638.849 6058971.142,484520.75 6059087.942,484491.683 6059117.462,484480.478 6059129.418,484467.293 6059144.423,484456.438 6059157.908,484442.224 6059177.091,484433.828 6059189.777,484429.44 6059196.415,484414.277 6059221.396,484423.613 6059227.074,484428.372 6059243.468,484429.842 6059251.815,484429.442 6059259.412,484425.374 6059269.158,484423.545 6059272.597,484419.147 6059286.462,484418.598 6059291.95,484419.168 6059298.838,484417.459 6059303.596,484419.438 6059312.083,484418.619 6059317.911,484418.549 6059326.887,484418.48 6059334.495,484418.48 6059334.804,484417.94 6059336.694,484411.893 6059357.716,484403.857 6059369.572,484398.909 6059375.82,484394.241 6059380.458,484383.735 6059388.575,484376.078 6059393.013,484365.063 6059397.902,484345.93 6059404.389,484338.553 6059405.659,484331.116 6059405.169,484330.277 6059404.749,484329.197 6059408.118,484325.539 6059409.297,484313.923 6059414.056))"
"DESHPDHK00035Ryc","2011-06-03T17:50:20Z","01","0","54","093","1559","13","","50","false","Polygon((487251.984 6057132.941,487283.121 6057119.432,487291.048 6057116.473,487302.083 6057113.303,487320.316 6057109.282,487338.669 6057105.662,487352.673 6057104.131,487361.629 6057101.531,487365.198 6057100.501,487374.154 6057100.7,487396.246 6057101.778,487407.901 6057102.777,487427.803 6057106.654,487447.346 6057111.48,487469.688 6057117.686,487483.462 6057122.043,487498.587 6057128.12,487499.476 6057128.48,487515.191 6057135.836,487530.485 6057143.632,487547.619 6057154.057,487566.272 6057167.571,487585.856 6057184.724,487601.691 6057201.157,487636.309 6057239.142,487649.185 6057254.756,487685.794 6057301.578,487684.137 6057330.189,487684.077 6057331.299,487683.507 6057341.276,487683.368 6057343.775,487634.933 6057281.239,487601.653 6057239.145,487568.504 6057202.989,487528.618 6057172.023,487479.855 6057146.306,487415.21 6057128.237,487370.567 6057124.633,487333.882 6057127.285,487310.171 6057132.206,487279.774 6057140.865,487258.483 6057148.495,487251.724 6057133.05,487251.984 6057132.941))"
"DESHPDHK00035Ryd","2020-10-02T11:19:04Z","01","0","54","093","1559","13","","20","false","Polygon((487677.731 6057681.798,487673.58 6057793.233,487665.767 6057851.924,487664.968 6057867.34,487663.469 6057877.426,487662.43 6057884.414,487661.461 6057888.633,487660.641 6057892.212,487658.743 6057900.529,487654.144 6057899.94,487655.703 6057891.552,487656.243 6057888.663,487656.383 6057887.933,487656.523 6057887.154,487657.132 6057883.895,487658.431 6057876.877,487664.887 6057842.218,487674.203 6057681.758,487677.731 6057681.798))"
"DESHPDHK00035Rye","2023-12-01T07:21:14Z","01","0","54","093","1559","13","","52","false","Polygon((487465.773 6057009.902,487469.761 6057004.264,487473.099 6056998.725,487476.068 6056992.427,487478.007 6056983.87,487520.239 6056965.073,487585.492 6056936.027,487658.862 6056902.601,487658.902 6056902.571,487682.562 6056891.623,487685.75 6056889.184,487686.84 6056888.344,487688.089 6056887.844,487701.734 6056882.334,487718.759 6056924.208,487719.168 6056925.227,487725.587 6056941.011,487713.482 6056946.41,487693.49 6056955.289,487691.311 6056950.191,487680.445 6056954.87,487682.754 6056960.058,487637.023 6056980.246,487562.025 6057013.102,487449.062 6057062.506,487372.155 6057096.122,487364.928 6057099.282,487362.688 6057088.955,487362.358 6057088.296,487361.039 6057085.707,487364.357 6057083.687,487384.089 6057071.719,487423.302 6057047.934,487433.587 6057041.695,487433.817 6057041.565,487436.726 6057039.445,487438.525 6057037.805,487450.84 6057025.948,487453.798 6057023.109,487453.878 6057022.929,487461.325 6057015.051,487465.773 6057009.902))"
"DESHPDHK00035Ryf","2011-06-03T17:50:20Z","01","0","54","093","1559","13","","55","false","Polygon((484281.757 6059447.353,484286.475 6059439.326,484290.233 6059433.598,484296.241 6059426.571,484299.979 6059422.632,484309.435 6059416.515,484313.923 6059414.056,484325.539 6059409.297,484329.197 6059408.118,484314.794 6059452.851,484296.631 6059451.122,484294.132 6059450.882,484278.978 6059449.862,484281.757 6059447.353))"
"DESHPDHK00035Ryg","2011-06-03T17:50:20Z","01","0","54","093","1559","13","","56","false","Polygon((484305.094 6059347.55,484308.063 6059339.103,484309.672 6059335.765,484318.938 6059316.532,484324.565 6059306.585,484324.805 6059306.725,484339.899 6059315.752,484340.339 6059316.012,484340.549 6059316.142,484340.749 6059316.262,484317.51 6059354.997,484317.34 6059354.897,484317.08 6059354.737,484306.124 6059348.17,484305.094 6059347.55))"
"DESHPDHK00035Ryh","2020-10-02T11:19:04Z","01","0","54","093","1559","13","","57","false","Polygon((484367.786 6059246.907,484366.497 6059249.026,484365.677 6059250.356,484364.997 6059251.505,484359.719 6059251.535,484355.541 6059253.175,484351.883 6059254.634,484349.164 6059255.714,484317.048 6059300.548,484304.024 6059323.779,484296.377 6059336.954,484258.055 6059403.08,484251.658 6059414.235,484245.71 6059425.831,484241.292 6059439.026,484240.463 6059441.585,484237.964 6059449.162,484233.406 6059447.653,484246.359 6059408.518,484254.276 6059395.602,484262.872 6059381.578,484272.048 6059366.003,484273.146 6059364.069,484282.203 6059348.12,484294.668 6059326.098,484300.635 6059315.852,484305.143 6059308.855,484309.991 6059301.827,484312.579 6059298.059,484314.769 6059294.88,484315.048 6059294.36,484315.608 6059293.58,484345.955 6059251.086,484350.972 6059243.848,484352.722 6059241.889,484356.61 6059238.19,484361.558 6059234.901,484377.382 6059231.083,484367.786 6059246.907))"
"DESHPDHK00035Ryi","2011-06-03T17:50:20Z","01","0","54","093","1559","13","","30","false","Polygon((485292.306 6059626.698,485301.472 6059628.177,485457.819 6059640.118,485624.152 6059652.209,485864.174 6059669.944,485874.61 6059675.741,485885.336 6059678.43,485835.378 6059711.329,485652.332 6059698.691,485272.366 6059672.453,485283.429 6059623.899,485292.306 6059626.698))"
"DESHPDHK00035Ryj","2021-05-06T09:28:26Z","01","0","54","093","1559","13","","35","false","Polygon((484329.197 6059408.118,484330.277 6059404.749,484331.116 6059405.169,484338.553 6059405.659,484347.001 6059422.712,484338.615 6059455.12,484314.794 6059452.851,484329.197 6059408.118))"
"DESHPDHK00035Ryk","2020-07-02T13:05:31Z","01","0","54","093","1559","13","","36","false","Polygon((484361.045 6059425.981,484355.988 6059445.284,484352.41 6059456.44,484338.615 6059455.12,484347.001 6059422.712,484338.553 6059405.659,484345.93 6059404.389,484361.045 6059425.981))"
"DESHPDHK00035Ryl","2019-05-07T07:08:26Z","01","0","54","093","1559","13","","38","false","Polygon((484299.737 6059365.294,484302.176 6059358.756,484306.124 6059348.17,484317.08 6059354.737,484307.694 6059370.352,484299.507 6059365.923,484299.737 6059365.294))"
"DESHPDHK00035Rym","2020-01-13T10:42:16Z","01","0","54","093","1559","13","","41","false","Polygon((484113.942 6059424.031,483969.056 6059375.181,483981.47 6059340.724,483986.688 6059343.933,483992.336 6059342.613,484008.439 6059334.636,484013.258 6059334.686,484096.036 6059362.565,484098.925 6059364.344,484100.155 6059368.663,484101.015 6059374.65,484099.955 6059374.78,484101.135 6059382.357,484102.644 6059392.1,484102.745 6059392.753,484124.596 6059389.495,484113.942 6059424.031))"
"DESHPDHK00035Ryn","2023-12-11T10:04:30Z","01","0","54","093","1559","13","","51","false","Polygon((487637.023 6056980.246,487682.754 6056960.058,487680.445 6056954.87,487691.311 6056950.191,487693.49 6056955.289,487713.482 6056946.41,487725.587 6056941.011,487725.197 6056945.489,487724.987 6056947.829,487722.609 6056974.119,487716.795 6057041.588,487705.488 6057171.888,487700.014 6057234.528,487694.661 6057308.705,487686.024 6057297.519,487685.794 6057301.578,487649.185 6057254.756,487636.309 6057239.142,487601.691 6057201.157,487585.856 6057184.724,487566.272 6057167.571,487547.619 6057154.057,487530.485 6057143.632,487515.191 6057135.836,487499.476 6057128.48,487498.587 6057128.12,487483.462 6057122.043,487469.688 6057117.686,487447.346 6057111.48,487427.803 6057106.654,487407.901 6057102.777,487396.246 6057101.778,487374.154 6057100.7,487365.198 6057100.501,487364.928 6057099.282,487372.155 6057096.122,487449.062 6057062.506,487562.025 6057013.102,487637.023 6056980.246))"
"DESHPDHK00035Ryo","2020-10-02T11:19:04Z","01","0","54","093","1559","13","","4","false","Polygon((484962.245 6059273.173,484964.274 6059275.612,484964.704 6059278.671,484963.715 6059281.62,484960.846 6059284.459,484955.368 6059289.877,484952.759 6059290.827,484950.78 6059290.847,484948.801 6059290.117,484947.151 6059288.638,484798.923 6059133.321,484638.849 6058971.142,484648.594 6058961.475,484962.245 6059273.173))"
"DESHPDHK00035Ryp","2011-06-03T17:50:20Z","01","0","54","093","1559","13","3","12","false","Polygon((484531.008 6058916.756,484553.277 6058896.354,484564.792 6058886.158,484578.908 6058900.372,484566.653 6058911.208,484544.623 6058931.39,484498.504 6058974.954,484369.061 6059117.504,484338.954 6059152.802,484264.166 6059240.76,484209.53 6059306.106,484157.712 6059367.953,484130.023 6059371.232,484131.373 6059366.553,484136.87 6059361.695,484194.206 6059293.281,484248.882 6059227.875,484323.739 6059139.837,484354.046 6059104.3,484484.209 6058960.94,484531.008 6058916.756))"
"DESHPDHK00035Ryq","2020-10-01T06:22:29Z","01","0","54","093","1559","13","","28","false","Polygon((484268.872 6059459.489,484271.441 6059460.318,484273.821 6059460.748,484268.873 6059475.912,484268.533 6059475.842,484266.519 6059475.186,484263.965 6059474.353,484263.065 6059474.053,484257.058 6059472.054,484262.155 6059456.59,484268.872 6059459.489))"
"DESHPDHK00035Ryr","2011-06-03T17:50:20Z","01","0","54","093","1559","13","","62","false","Polygon((484429.44 6059196.415,484425.462 6059204.702,484425.782 6059214.708,484423.613 6059227.074,484414.277 6059221.396,484429.44 6059196.415))"
